period,total family benefits,total contributive child benefits,total auh,total spouse benefit, total school aid,total wedding benefit,total prenatal benefit,total pregnancy benefit,total birth benefit
47,2395975.983970141,858389.6237928179,1258662.055664325,194309.99652011777,0.0,34438.22031907774,25575.872308574788,21235.26005716996,9054.61853826795
period,total family benefits,total contributive child benefits,total auh,total spouse benefit, total school aid,total wedding benefit,total prenatal benefit,total pregnancy benefit,total birth benefit
48,2367141.927,950426.1,1110047.988,212835.0,0.0,16722.375,31630.38,38481.576,9459.5
period,total family benefits,total contributive child benefits,total auh,total spouse benefit, total school aid,total wedding benefit,total prenatal benefit,total pregnancy benefit,total birth benefit
49,2415483.9124346063,767991.2922491985,980594.2835939392,204933.91350566922,368862.1483902122,15501.832368443942,32168.790256631808,35839.74754756969,10996.833621360673
period,total family benefits,total contributive child benefits,total auh,total spouse benefit, total school aid,total wedding benefit,total prenatal benefit,total pregnancy benefit,total birth benefit
50,2137026.917023086,649911.0209574356,1014293.80057292,191787.6185778554,200640.8495443171,7151.515711066684,24359.408142212993,42318.3548262419,8096.033425137803
period,total family benefits,total contributive child benefits,total auh,total spouse benefit, total school aid,total wedding benefit,total prenatal benefit,total pregnancy benefit,total birth benefit
51,2595236.0985082146,895793.976207064,1241085.8040154856,365788.2084657818,0.0,8508.571245666142,34191.997475450364,41163.41678884158,10091.995694589874
period,total family benefits,total contributive child benefits,total auh,total spouse benefit, total school aid,total wedding benefit,total prenatal benefit,total pregnancy benefit,total birth benefit
52,2489833.4483434516,861258.8354479912,1209213.2103027655,344336.21198669175,0.0,6690.119529288092,25196.374166619822,35737.47176520619,8893.177849650401
period,total family benefits,total contributive child benefits,total auh,total spouse benefit, total school aid,total wedding benefit,total prenatal benefit,total pregnancy benefit,total birth benefit
53,2583899.0197851337,615428.7315140155,1078434.1783003374,299239.80106071313,504991.18509242986,4501.698347413723,30434.889325427568,42414.62558888343,9722.809912502069
period,total family benefits,total contributive child benefits,total auh,total spouse benefit, total school aid,total wedding benefit,total prenatal benefit,total pregnancy benefit,total birth benefit
54,2142458.0960905394,662105.765191095,1120406.6800798995,295387.5546979057,0.0,3854.302522580003,23797.02436834068,30454.2431341969,7800.64855671498
period,total family benefits,total contributive child benefits,total auh,total spouse benefit, total school aid,total wedding benefit,total prenatal benefit,total pregnancy benefit,total birth benefit
55,1905282.50266244,534236.9855309109,1034867.04202688,273306.9446497653,0.0,1777.0237697913506,18034.577981724135,39050.45232200553,5144.768433317196
period,total family benefits,total contributive child benefits,total auh,total spouse benefit, total school aid,total wedding benefit,total prenatal benefit,total pregnancy benefit,total birth benefit
56,3293975.7282104697,1702923.0331809297,1104447.2003817426,364571.72984232916,0.0,8568.61118442862,54840.71026326001,48611.085593437005,11245.41427643685
period,total family benefits,total contributive child benefits,total auh,total spouse benefit, total school aid,total wedding benefit,total prenatal benefit,total pregnancy benefit,total birth benefit
57,3648636.2566405386,1409432.785719692,1131231.2062907272,340251.30244928785,659473.3121029413,8335.75265869501,50646.35778618995,39960.82422393822,10806.402011637601
period,total family benefits,total contributive child benefits,total auh,total spouse benefit, total school aid,total wedding benefit,total prenatal benefit,total pregnancy benefit,total birth benefit
58,3295961.3884137613,1686241.8729597374,1142090.5322569096,366442.6340351025,0.0,8519.48170253121,38598.04537621951,46201.40301170234,9111.681773762724
period,total family benefits,total contributive child benefits,total auh,total spouse benefit, total school aid,total wedding benefit,total prenatal benefit,total pregnancy benefit,total birth benefit
59,2940892.8471340425,1428243.5254613394,1058957.43937099,346852.3117127551,0.0,6636.024396295396,49417.67891783194,40450.540469323445,11527.268357006546
period,total family benefits,total contributive child benefits,total auh,total spouse benefit, total school aid,total wedding benefit,total prenatal benefit,total pregnancy benefit,total birth benefit
60,3359115.5661281752,1719447.8701080033,1163653.882848789,369980.1698985252,0.0,8754.313116880063,54451.65876385687,33439.174293189106,10676.268373555497
period,total family benefits,total contributive child benefits,total auh,total spouse benefit, total school aid,total wedding benefit,total prenatal benefit,total pregnancy benefit,total birth benefit
61,3555852.286121657,1400726.9846310704,1074566.9746458759,338051.64971349883,641875.6005218666,10604.442690425309,41916.091033831246,41917.31251104237,7725.793788710188
period,total family benefits,total contributive child benefits,total auh,total spouse benefit, total school aid,total wedding benefit,total prenatal benefit,total pregnancy benefit,total birth benefit
62,2696903.587733704,1307899.887622286,977036.4570791502,304969.58403896284,0.0,8877.508838004382,46097.61654691506,43028.58349712381,10108.620354997094
period,total family benefits,total contributive child benefits,total auh,total spouse benefit, total school aid,total wedding benefit,total prenatal benefit,total pregnancy benefit,total birth benefit
63,2560773.5864882586,1186920.3917354338,966201.1339153866,296909.2597350547,0.0,8077.696512951949,45057.150139825804,48699.28421468843,10006.537540012769
period,total family benefits,total contributive child benefits,total auh,total spouse benefit, total school aid,total wedding benefit,total prenatal benefit,total pregnancy benefit,total birth benefit
64,2551309.44927003,1202637.201826849,966597.2959585597,290109.42878539284,0.0,4948.643539938982,40588.78415970953,38609.4396627568,8905.326204718476
period,total family benefits,total contributive child benefits,total auh,total spouse benefit, total school aid,total wedding benefit,total prenatal benefit,total pregnancy benefit,total birth benefit
65,3000980.0527900113,1130467.247542384,960589.5421799754,289267.33376534627,538549.4399574824,9460.582543628221,38826.62573085149,27285.15214480119,7922.770458819582
period,total family benefits,total contributive child benefits,total auh,total spouse benefit, total school aid,total wedding benefit,total prenatal benefit,total pregnancy benefit,total birth benefit
66,2486153.9145638347,1166855.3701015988,948056.3357821085,288220.002759127,0.0,8611.446782255996,28943.616896062213,38930.90702535527,7698.525258449758
period,total family benefits,total contributive child benefits,total auh,total spouse benefit, total school aid,total wedding benefit,total prenatal benefit,total pregnancy benefit,total birth benefit
67,2489486.5041174,1162568.5256707494,939623.1490092657,286352.664266283,0.0,6679.398643681262,35543.00198522189,50582.53610397569,8653.146911381953
period,total family benefits,total contributive child benefits,total auh,total spouse benefit, total school aid,total wedding benefit,total prenatal benefit,total pregnancy benefit,total birth benefit
68,2532829.9247498997,1204610.1280114218,937213.972756572,286256.08941150754,0.0,7400.658705894072,38373.277426518296,51779.75432371487,8312.83055817588
period,total family benefits,total contributive child benefits,total auh,total spouse benefit, total school aid,total wedding benefit,total prenatal benefit,total pregnancy benefit,total birth benefit
69,2989210.1783667477,1194573.827190108,881694.1256188266,288362.6306410136,543145.059309526,9603.541805954137,34886.55306250528,30329.072481862524,6615.368256951409
period,total family benefits,total contributive child benefits,total auh,total spouse benefit, total school aid,total wedding benefit,total prenatal benefit,total pregnancy benefit,total birth benefit
70,2484629.706889791,1198278.568859609,911106.7274732476,287213.64662067645,0.0,7858.753767232196,34038.97673209465,40302.777154591255,6936.344214675451
period,total family benefits,total contributive child benefits,total auh,total spouse benefit, total school aid,total wedding benefit,total prenatal benefit,total pregnancy benefit,total birth benefit
71,2464276.2191796326,1186998.7904686308,901306.6122207354,286639.44337911956,0.0,8134.308057723129,38901.0200163278,34213.577837985846,9192.679831718602
period,total family benefits,total contributive child benefits,total auh,total spouse benefit, total school aid,total wedding benefit,total prenatal benefit,total pregnancy benefit,total birth benefit
72,2515899.241816396,1227502.2832783915,918367.1471784784,287067.2459532257,0.0,7026.896310288628,35849.71664533635,33691.529743408726,7793.446311408574
period,total family benefits,total contributive child benefits,total auh,total spouse benefit, total school aid,total wedding benefit,total prenatal benefit,total pregnancy benefit,total birth benefit
73,2971223.512723554,1180552.750990309,867727.9429365624,285431.4137748764,547455.6607712663,10501.456331511292,34044.600445236596,38236.86338361145,7272.824090180565
period,total family benefits,total contributive child benefits,total auh,total spouse benefit, total school aid,total wedding benefit,total prenatal benefit,total pregnancy benefit,total birth benefit
74,2374694.7812030623,1177970.1806287435,832690.9555781941,285225.21579540963,0.0,11437.85040025095,36549.16844328465,23526.626166734957,8417.463441765083
period,total family benefits,total contributive child benefits,total auh,total spouse benefit, total school aid,total wedding benefit,total prenatal benefit,total pregnancy benefit,total birth benefit
75,2435121.1223020675,1180304.749307264,875624.566986078,285385.06508795376,0.0,9595.553576707935,39482.492674501584,35348.64905258065,9380.045616981215
period,total family benefits,total contributive child benefits,total auh,total spouse benefit, total school aid,total wedding benefit,total prenatal benefit,total pregnancy benefit,total birth benefit
76,2464948.8156300713,1203769.542371163,883574.0262491154,286291.7257385049,0.0,5361.085625112206,42132.64697606452,37152.990903419806,8435.017617255284
period,total family benefits,total contributive child benefits,total auh,total spouse benefit, total school aid,total wedding benefit,total prenatal benefit,total pregnancy benefit,total birth benefit
77,2977204.8690543054,1197202.5519295128,868946.6803766289,283422.01726002723,552940.7449596353,6098.987512747943,43219.767835029656,18722.921196752195,9170.326338196293
period,total family benefits,total contributive child benefits,total auh,total spouse benefit, total school aid,total wedding benefit,total prenatal benefit,total pregnancy benefit,total birth benefit
78,2470754.8899419396,1256986.5537205222,858897.2277576557,282021.0203034527,0.0,6539.9613649016355,32945.939788419804,28216.16831923245,7123.51745507462
period,total family benefits,total contributive child benefits,total auh,total spouse benefit, total school aid,total wedding benefit,total prenatal benefit,total pregnancy benefit,total birth benefit
79,2465743.8490562695,1243701.8132216097,848971.1393903029,282224.7640406912,0.0,9680.243817273502,41763.93600385574,32382.017925040473,9002.800235415465
period,total family benefits,total contributive child benefits,total auh,total spouse benefit, total school aid,total wedding benefit,total prenatal benefit,total pregnancy benefit,total birth benefit
80,2447699.525029553,1294906.7967336637,797153.5930176077,281051.58767552115,0.0,5413.776370127262,41003.162226862965,21023.68641168777,9137.182454093161
period,total family benefits,total contributive child benefits,total auh,total spouse benefit, total school aid,total wedding benefit,total prenatal benefit,total pregnancy benefit,total birth benefit
81,2994986.9785638396,1244737.5580023546,814603.1521747931,282094.06660666957,562580.8592455878,6138.842336211196,36020.34073598342,43253.33151296073,8113.936433108585
period,total family benefits,total contributive child benefits,total auh,total spouse benefit, total school aid,total wedding benefit,total prenatal benefit,total pregnancy benefit,total birth benefit
82,2429504.0021848353,1236712.1451323328,807519.2600740535,285373.4137413254,0.0,8829.308136153182,40973.89677346305,43268.787826969085,8832.321749366793
period,total family benefits,total contributive child benefits,total auh,total spouse benefit, total school aid,total wedding benefit,total prenatal benefit,total pregnancy benefit,total birth benefit
83,2436317.3234027955,1218428.4674370147,838598.0959023744,284454.297661996,0.0,9948.662142118397,45834.395527449844,31770.825832421975,9295.187461007681
period,total family benefits,total contributive child benefits,total auh,total spouse benefit, total school aid,total wedding benefit,total prenatal benefit,total pregnancy benefit,total birth benefit
84,2384293.967042051,1248622.6304886902,759481.3578106632,284715.0185054037,0.0,9893.931683217168,50134.002208638536,21770.287654923064,11696.852448425963
period,total family benefits,total contributive child benefits,total auh,total spouse benefit, total school aid,total wedding benefit,total prenatal benefit,total pregnancy benefit,total birth benefit
85,2959224.0295619857,1202174.7021407052,809661.8965140651,282757.03697605507,578323.8688968029,9354.3782046819,41012.877290388,26750.766532595375,9300.886207643382
period,total family benefits,total contributive child benefits,total auh,total spouse benefit, total school aid,total wedding benefit,total prenatal benefit,total pregnancy benefit,total birth benefit
86,2408726.709902668,1207831.3722422186,837309.3959178028,281320.5015411194,0.0,7713.526969829327,42654.30386129208,24136.057151899746,9841.043398636915
period,total family benefits,total contributive child benefits,total auh,total spouse benefit, total school aid,total wedding benefit,total prenatal benefit,total pregnancy benefit,total birth benefit
87,2422647.499947288,1187647.4995267927,845568.3784690268,283116.9743838929,0.0,12899.076092623473,38777.51691343324,44673.97870196636,8986.990277457631
period,total family benefits,total contributive child benefits,total auh,total spouse benefit, total school aid,total wedding benefit,total prenatal benefit,total pregnancy benefit,total birth benefit
88,2415382.716645352,1261024.684574655,783912.0513254461,282210.93180112576,0.0,9279.017534313887,43324.00331333263,28244.21478173822,9482.842627604436
period,total family benefits,total contributive child benefits,total auh,total spouse benefit, total school aid,total wedding benefit,total prenatal benefit,total pregnancy benefit,total birth benefit
89,3032297.538529869,1267565.2426155647,804987.2254399862,286872.5314638451,579153.2553870372,9051.439663982761,32860.1923259632,44817.27315938126,7733.714666229635
period,total family benefits,total contributive child benefits,total auh,total spouse benefit, total school aid,total wedding benefit,total prenatal benefit,total pregnancy benefit,total birth benefit
90,2393770.6525008897,1222690.737823789,784385.9753573524,284728.7649836916,0.0,10581.974527214035,38072.510137973484,47333.72055011121,8135.846451753515
period,total family benefits,total contributive child benefits,total auh,total spouse benefit, total school aid,total wedding benefit,total prenatal benefit,total pregnancy benefit,total birth benefit
91,2383634.8188967598,1243812.5311014375,765450.464105177,282715.01945338544,0.0,7934.437044891868,40704.21029242817,34278.344629859064,8842.24070047596
period,total family benefits,total contributive child benefits,total auh,total spouse benefit, total school aid,total wedding benefit,total prenatal benefit,total pregnancy benefit,total birth benefit
92,2395260.8977286937,1299294.306733045,725932.4771290867,283631.31657077634,0.0,12185.794084728213,35719.702330136286,30873.553044258064,8396.773547008519
period,total family benefits,total contributive child benefits,total auh,total spouse benefit, total school aid,total wedding benefit,total prenatal benefit,total pregnancy benefit,total birth benefit
93,2968274.692474392,1248487.2982301954,754874.1954872133,283943.19525557227,567305.4587297491,8802.01768861265,58526.09536842076,33421.60568079914,12484.311435379412
period,total family benefits,total contributive child benefits,total auh,total spouse benefit, total school aid,total wedding benefit,total prenatal benefit,total pregnancy benefit,total birth benefit
94,2392838.4754985203,1243515.4462095117,767705.3950608025,283534.3476166021,0.0,8948.60111335862,50213.59748617325,29282.154102082848,10895.245738137372
period,total family benefits,total contributive child benefits,total auh,total spouse benefit, total school aid,total wedding benefit,total prenatal benefit,total pregnancy benefit,total birth benefit
95,2362754.8951380663,1241589.961606263,743466.9670495981,283292.70535210916,0.0,9175.62137007443,52347.87921283603,22775.562755151153,10768.767738933313
period,total family benefits,total contributive child benefits,total auh,total spouse benefit, total school aid,total wedding benefit,total prenatal benefit,total pregnancy benefit,total birth benefit
96,2354601.2366232476,1234781.6964518349,748463.5492392686,287929.8588048444,0.0,9674.860172396258,36850.29129936355,26611.71509745413,9488.273901197474
period,total family benefits,total contributive child benefits,total auh,total spouse benefit, total school aid,total wedding benefit,total prenatal benefit,total pregnancy benefit,total birth benefit
97,2946706.736651795,1283391.5902429828,711081.0593251629,289340.96086722077,573688.8149105052,11628.097911168521,47148.34651017156,17674.451244837503,9890.719247548297
period,total family benefits,total contributive child benefits,total auh,total spouse benefit, total school aid,total wedding benefit,total prenatal benefit,total pregnancy benefit,total birth benefit
98,2318084.667971151,1214575.589983393,722738.6154056158,290519.8430909552,0.0,11277.080236637668,39461.349782569916,28738.379450054108,10864.694568161454
period,total family benefits,total contributive child benefits,total auh,total spouse benefit, total school aid,total wedding benefit,total prenatal benefit,total pregnancy benefit,total birth benefit
99,2325075.3130880157,1205412.2992609364,725393.4172704597,289217.08651823265,0.0,10844.58264791293,52966.73996350018,26835.882815148965,12127.00538056323
period,total family benefits,total contributive child benefits,total auh,total spouse benefit, total school aid,total wedding benefit,total prenatal benefit,total pregnancy benefit,total birth benefit
100,2284390.7686417955,1183809.721057491,719587.6567978115,285235.52253783634,0.0,9770.857614368333,45370.2071340206,36831.37591090411,11066.544227818116
period,total family benefits,total contributive child benefits,total auh,total spouse benefit, total school aid,total wedding benefit,total prenatal benefit,total pregnancy benefit,total birth benefit
101,2827486.7763299346,1237701.597402738,654220.6406395326,286264.7024656719,552044.3663236826,9494.479911540056,52963.56817167667,23314.32357472457,12660.225697219274
period,total family benefits,total contributive child benefits,total auh,total spouse benefit, total school aid,total wedding benefit,total prenatal benefit,total pregnancy benefit,total birth benefit
102,2285863.505825838,1194217.0209506813,726966.7816459921,282752.92601244966,0.0,9799.125035740095,36342.63802450564,30671.184225768557,10496.195331827588
period,total family benefits,total contributive child benefits,total auh,total spouse benefit, total school aid,total wedding benefit,total prenatal benefit,total pregnancy benefit,total birth benefit
103,2295254.097276815,1221983.2629184066,711133.7337605362,285885.89307953144,0.0,12650.569598551507,40409.014808650114,21129.232334505803,10438.51419252477
period,total family benefits,total contributive child benefits,total auh,total spouse benefit, total school aid,total wedding benefit,total prenatal benefit,total pregnancy benefit,total birth benefit
104,2329153.6047416585,1233940.877176522,722626.9170216987,287752.81844118674,0.0,12519.038062097856,46094.11063441376,22213.23247633651,12759.254365808472
period,total family benefits,total contributive child benefits,total auh,total spouse benefit, total school aid,total wedding benefit,total prenatal benefit,total pregnancy benefit,total birth benefit
105,2914304.917462075,1211401.0937129392,748896.2856343188,286257.2239480746,580642.823006638,9695.353505496956,50220.15601526596,25560.21519316087,11882.68804781458
period,total family benefits,total contributive child benefits,total auh,total spouse benefit, total school aid,total wedding benefit,total prenatal benefit,total pregnancy benefit,total birth benefit
106,2299677.924103535,1226664.9086672429,702499.3164408153,287788.4390918753,0.0,14243.80962751449,49881.57818735063,16483.078404850265,11010.6730217624
period,total family benefits,total contributive child benefits,total auh,total spouse benefit, total school aid,total wedding benefit,total prenatal benefit,total pregnancy benefit,total birth benefit
107,2344687.53579681,1261862.0666424378,708379.8201649807,286693.33564559964,0.0,11769.359582011786,44201.16630004831,28842.2622972693,9635.769081113103
period,total family benefits,total contributive child benefits,total auh,total spouse benefit, total school aid,total wedding benefit,total prenatal benefit,total pregnancy benefit,total birth benefit
108,2352854.6417068234,1310493.754856018,648807.664813318,291583.7086528955,0.0,13685.019079670728,56631.12749641221,25575.990260071754,12915.510700472254
period,total family benefits,total contributive child benefits,total auh,total spouse benefit, total school aid,total wedding benefit,total prenatal benefit,total pregnancy benefit,total birth benefit
109,2871703.4885675753,1333480.2309250366,589822.9012443844,291462.99198378104,573520.6052539533,15553.030647078698,45989.190221592355,21650.397742726305,10408.969351723044
period,total family benefits,total contributive child benefits,total auh,total spouse benefit, total school aid,total wedding benefit,total prenatal benefit,total pregnancy benefit,total birth benefit
110,2281268.5657873168,1293673.1430439772,617195.3161833142,291879.67643540405,0.0,13562.925547120134,44925.17180696885,11552.941813889985,12007.61546836118
period,total family benefits,total contributive child benefits,total auh,total spouse benefit, total school aid,total wedding benefit,total prenatal benefit,total pregnancy benefit,total birth benefit
111,2277839.977979676,1283139.0108927384,628741.7815618544,289952.7633153315,0.0,10653.743128792514,38019.646859627166,25242.87268586465,9080.150733245951
period,total family benefits,total contributive child benefits,total auh,total spouse benefit, total school aid,total wedding benefit,total prenatal benefit,total pregnancy benefit,total birth benefit
112,2301549.413767663,1307961.5424156885,629118.300917562,293697.7657221574,0.0,11106.89307178231,41910.89608146343,23022.282506852513,10442.73806265833
period,total family benefits,total contributive child benefits,total auh,total spouse benefit, total school aid,total wedding benefit,total prenatal benefit,total pregnancy benefit,total birth benefit
113,2857947.3294634684,1292019.115290855,636841.5699905443,294387.099663551,560594.2263303724,12565.20775168867,51507.96271327891,20891.063131240302,11798.566624549821
period,total family benefits,total contributive child benefits,total auh,total spouse benefit, total school aid,total wedding benefit,total prenatal benefit,total pregnancy benefit,total birth benefit
114,2369949.950569008,1307883.1448467986,678864.2861640343,292333.2285708419,0.0,12213.771374274747,57707.42541585906,16108.639256785891,13145.569960274084
period,total family benefits,total contributive child benefits,total auh,total spouse benefit, total school aid,total wedding benefit,total prenatal benefit,total pregnancy benefit,total birth benefit
115,2408886.053920014,1370007.6507635028,659551.2977443533,293539.0498823186,0.0,15809.532880995299,51537.974080960295,17485.763650308665,11429.598059588016
period,total family benefits,total contributive child benefits,total auh,total spouse benefit, total school aid,total wedding benefit,total prenatal benefit,total pregnancy benefit,total birth benefit
116,2363011.3998063924,1394849.8856882616,601884.6906963014,291172.0471015152,0.0,10421.737863967708,43296.91965636989,18451.625621784184,10600.771224369646
period,total family benefits,total contributive child benefits,total auh,total spouse benefit, total school aid,total wedding benefit,total prenatal benefit,total pregnancy benefit,total birth benefit
117,3012875.7924485067,1356986.9670530837,654730.258438109,290163.9409132388,589138.0562222728,17261.14375170433,60653.622902589574,32680.452507896283,15193.485573873595
period,total family benefits,total contributive child benefits,total auh,total spouse benefit, total school aid,total wedding benefit,total prenatal benefit,total pregnancy benefit,total birth benefit
118,2344007.1914992556,1343391.3944934928,631180.2923340389,292216.69305387733,0.0,11824.61577672125,44848.69572772048,16783.38855015698,11239.57562085469
period,total family benefits,total contributive child benefits,total auh,total spouse benefit, total school aid,total wedding benefit,total prenatal benefit,total pregnancy benefit,total birth benefit
119,2347098.7440926754,1374162.7988933264,597910.3973483872,293201.4999155825,0.0,10288.212581759468,42755.10224193046,25938.454611600373,10659.55714879364
period,total family benefits,total contributive child benefits,total auh,total spouse benefit, total school aid,total wedding benefit,total prenatal benefit,total pregnancy benefit,total birth benefit
120,2290825.5950307674,1295373.5403418401,638489.9337125034,294379.03361545946,0.0,10912.954809260009,33362.10875203094,16404.804245799467,9719.55270842537
period,total family benefits,total contributive child benefits,total auh,total spouse benefit, total school aid,total wedding benefit,total prenatal benefit,total pregnancy benefit,total birth benefit
121,2997924.42056129,1338432.8098417756,667739.0001966248,297291.56811364635,601959.8965554836,14041.801023149488,57636.20974414449,19757.423130925796,12157.731134993694
period,total family benefits,total contributive child benefits,total auh,total spouse benefit, total school aid,total wedding benefit,total prenatal benefit,total pregnancy benefit,total birth benefit
122,2330851.46881042,1303730.220178563,640570.3311373634,300983.76836572617,0.0,16750.229279803712,35398.35491074944,28427.80097818922,10997.623209098572
period,total family benefits,total contributive child benefits,total auh,total spouse benefit, total school aid,total wedding benefit,total prenatal benefit,total pregnancy benefit,total birth benefit
123,2282134.4053885816,1313842.8769007048,576680.2370528148,302083.03361166996,0.0,14270.452310352837,55003.14878078563,10484.239450183804,15017.663637850292
period,total family benefits,total contributive child benefits,total auh,total spouse benefit, total school aid,total wedding benefit,total prenatal benefit,total pregnancy benefit,total birth benefit
124,2356818.205389565,1343962.7421244471,608265.9527660583,300776.96144487575,0.0,21040.734459213145,51428.177365176474,24166.912244372692,13621.715458946526
period,total family benefits,total contributive child benefits,total auh,total spouse benefit, total school aid,total wedding benefit,total prenatal benefit,total pregnancy benefit,total birth benefit
125,2927016.860244294,1342341.1371538662,604821.72493703,301406.7357936757,595210.7678330456,12080.2515532541,44819.421147083325,23370.149634285743,12508.232436524384
period,total family benefits,total contributive child benefits,total auh,total spouse benefit, total school aid,total wedding benefit,total prenatal benefit,total pregnancy benefit,total birth benefit
126,2322560.346088096,1334894.907003397,594908.9918542756,301449.7817428291,0.0,15506.980087323453,47103.28478923376,23559.92747271504,11774.350989426042
period,total family benefits,total contributive child benefits,total auh,total spouse benefit, total school aid,total wedding benefit,total prenatal benefit,total pregnancy benefit,total birth benefit
127,2319848.2855428583,1312348.8736462905,624002.1821976758,301939.49963228457,0.0,14770.87929462526,50055.37809581309,15852.525259652826,11918.327292252847
period,total family benefits,total contributive child benefits,total auh,total spouse benefit, total school aid,total wedding benefit,total prenatal benefit,total pregnancy benefit,total birth benefit
128,2397632.8038266683,1326169.2396585736,667090.8738387151,305274.4052182627,0.0,13396.62183593692,49874.798778896344,29721.65919695851,14035.367862050356
period,total family benefits,total contributive child benefits,total auh,total spouse benefit, total school aid,total wedding benefit,total prenatal benefit,total pregnancy benefit,total birth benefit
129,2958579.0459980415,1385536.647668667,577146.5910239858,311651.16793482134,605357.0829621492,14274.896003769734,46112.29509274647,26281.382555274547,13382.284260855127
period,total family benefits,total contributive child benefits,total auh,total spouse benefit, total school aid,total wedding benefit,total prenatal benefit,total pregnancy benefit,total birth benefit
130,2275553.5475374763,1348630.5248317155,542394.7018232244,306248.6225860627,0.0,15253.572705987306,41416.708880376966,18088.98211759661,10979.812756466856
period,total family benefits,total contributive child benefits,total auh,total spouse benefit, total school aid,total wedding benefit,total prenatal benefit,total pregnancy benefit,total birth benefit
131,2307793.9468106413,1363363.4934704343,544496.1359960705,307370.6417694017,0.0,15234.149361784048,55635.88249091964,19542.94566538091,14336.93558080654
period,total family benefits,total contributive child benefits,total auh,total spouse benefit, total school aid,total wedding benefit,total prenatal benefit,total pregnancy benefit,total birth benefit
132,2292312.749147186,1330764.1695019887,550243.8371189905,305861.41292065894,0.0,14835.404365699269,46142.93964187194,35328.101872111736,12498.885348753482
period,total family benefits,total contributive child benefits,total auh,total spouse benefit, total school aid,total wedding benefit,total prenatal benefit,total pregnancy benefit,total birth benefit
133,2909823.961614541,1333720.9574172392,601419.7080562845,307287.7007704415,581127.4221592236,12101.881725239948,54473.9881612917,21381.243707817932,15010.281001919233
period,total family benefits,total contributive child benefits,total auh,total spouse benefit, total school aid,total wedding benefit,total prenatal benefit,total pregnancy benefit,total birth benefit
134,2282866.5567806386,1337552.7734038595,573853.3733609125,307202.65001945983,0.0,10991.363190727356,35474.97402094008,16544.511852992124,9837.856793971607
period,total family benefits,total contributive child benefits,total auh,total spouse benefit, total school aid,total wedding benefit,total prenatal benefit,total pregnancy benefit,total birth benefit
135,2337611.6483721742,1324489.0542575996,618562.3999115424,303696.1128088523,0.0,12029.349930553675,51953.20162165301,19621.533400480144,13129.601209139522
period,total family benefits,total contributive child benefits,total auh,total spouse benefit, total school aid,total wedding benefit,total prenatal benefit,total pregnancy benefit,total birth benefit
136,2382606.317437592,1368856.8711041377,599095.6778370242,307191.43408121844,0.0,15634.909143319848,55855.01459158842,29753.938822671793,13676.455463612796
period,total family benefits,total contributive child benefits,total auh,total spouse benefit, total school aid,total wedding benefit,total prenatal benefit,total pregnancy benefit,total birth benefit
137,2929062.945114279,1358773.7865754159,598358.5323958984,309459.732296314,583651.839660653,11602.802415822433,43158.84142109032,21323.10193018586,10921.934796286194
period,total family benefits,total contributive child benefits,total auh,total spouse benefit, total school aid,total wedding benefit,total prenatal benefit,total pregnancy benefit,total birth benefit
138,2428444.2369066677,1454900.6830841864,585889.0766830101,306228.4489562166,0.0,9832.49760161124,45635.67166087535,23394.96948245854,11071.447226522569
period,total family benefits,total contributive child benefits,total auh,total spouse benefit, total school aid,total wedding benefit,total prenatal benefit,total pregnancy benefit,total birth benefit
139,2429014.4493733826,1432628.7870366215,583072.8943835542,306233.07454565534,0.0,14480.892945318144,52710.04487468851,30144.24684965486,14072.065008983585
period,total family benefits,total contributive child benefits,total auh,total spouse benefit, total school aid,total wedding benefit,total prenatal benefit,total pregnancy benefit,total birth benefit
140,2395060.2379561574,1415925.633622033,549554.8834082655,307201.6182619247,0.0,14211.064740295995,60469.95236455454,34654.24975573769,13466.96256736394
period,total family benefits,total contributive child benefits,total auh,total spouse benefit, total school aid,total wedding benefit,total prenatal benefit,total pregnancy benefit,total birth benefit
141,2964369.1005010884,1423024.1028966634,532861.4699713766,306672.16895415186,603767.656692106,12355.958474678815,57158.91325320538,23957.28598240276,14529.228976246019
period,total family benefits,total contributive child benefits,total auh,total spouse benefit, total school aid,total wedding benefit,total prenatal benefit,total pregnancy benefit,total birth benefit
142,2344777.4124690588,1395131.0515023356,546421.56330882,308762.15877597756,0.0,16354.235852066331,51173.51838761983,26097.277427819987,11371.244152737945
period,total family benefits,total contributive child benefits,total auh,total spouse benefit, total school aid,total wedding benefit,total prenatal benefit,total pregnancy benefit,total birth benefit
143,2370000.591672707,1367103.3916024985,585756.5901829562,306271.0295023793,0.0,12379.100481741001,70427.99809622213,18693.449001369932,15122.661009092846
period,total family benefits,total contributive child benefits,total auh,total spouse benefit, total school aid,total wedding benefit,total prenatal benefit,total pregnancy benefit,total birth benefit
144,2412400.820746528,1366110.9565455494,621915.0087946084,304840.1152829023,0.0,13877.037672666025,58610.955605940224,32113.271079856975,12995.65388746913
period,total family benefits,total contributive child benefits,total auh,total spouse benefit, total school aid,total wedding benefit,total prenatal benefit,total pregnancy benefit,total birth benefit
145,2982932.1187414103,1277412.1672984564,674271.4796258453,307059.80223595694,612041.9702859743,18597.73639201148,51293.9974158996,24249.597899650325,15308.854972535986
period,total family benefits,total contributive child benefits,total auh,total spouse benefit, total school aid,total wedding benefit,total prenatal benefit,total pregnancy benefit,total birth benefit
146,2378979.2956125047,1295111.0310455346,681408.5882639355,306678.20242881484,0.0,8882.538229598658,41315.615047433,32386.872837307637,11426.93947912186
period,total family benefits,total contributive child benefits,total auh,total spouse benefit, total school aid,total wedding benefit,total prenatal benefit,total pregnancy benefit,total birth benefit
147,2391170.7677566553,1353582.94901516,647455.0138229275,309486.6205252127,0.0,16812.190578791786,37922.35375397241,22715.54717531632,11063.3395705324
period,total family benefits,total contributive child benefits,total auh,total spouse benefit, total school aid,total wedding benefit,total prenatal benefit,total pregnancy benefit,total birth benefit
148,2406305.285199372,1325686.5909526472,643974.0379936493,311512.94362262747,0.0,18699.907768982004,63945.66439850771,26996.606653172228,15271.877104017221
period,total family benefits,total contributive child benefits,total auh,total spouse benefit, total school aid,total wedding benefit,total prenatal benefit,total pregnancy benefit,total birth benefit
149,3026512.672684033,1387306.394281128,593920.320051531,314049.37314228254,626613.9832497458,13521.29177972991,56019.29749996403,19949.275210203465,14803.73161246609
period,total family benefits,total contributive child benefits,total auh,total spouse benefit, total school aid,total wedding benefit,total prenatal benefit,total pregnancy benefit,total birth benefit
150,2427532.6433840995,1391661.4951652966,613078.4555053898,314666.4240098917,0.0,15590.263113052837,51317.583858537466,28413.213844539714,11570.2213957016
period,total family benefits,total contributive child benefits,total auh,total spouse benefit, total school aid,total wedding benefit,total prenatal benefit,total pregnancy benefit,total birth benefit
151,2356248.1207151446,1365352.9764282133,574608.9004797912,324183.8028111392,0.0,17075.777245635596,49283.80443521445,20064.057079212304,12777.336968230948
period,total family benefits,total contributive child benefits,total auh,total spouse benefit, total school aid,total wedding benefit,total prenatal benefit,total pregnancy benefit,total birth benefit
152,2401126.7036354356,1307065.3355923058,677387.8898724902,327676.8780746314,0.0,16762.679177619968,40569.61783458607,33958.85692338576,11379.400462995227
