Period,"Gini insee, all income","Gini insee, labour income","Gini insee, labour and pension income","Gini insee, labour and family benefits income","Decile ratio, all income","Decile ratio, labour income","Decile ratio, labour and pension income","Decile ratio, labour and familiy benefits income","Top 10%, share of all income","Top 10%, share of labour income","Top 10%, share of labour and pension income","Top 10%, share of labour and familiy benefits income","Bottom 10%, share of all income","Bottom 10%, share of labour income","Bottom 10%, share of labour and pension income","Bottom 10%, share of labour and familiy benefits income"
51,0.35326509433540765,0.38979125411238708,0.36664640560489842,0.37790663189343998,5.230492272483756,7.096995510307293,6.051596583094545,6.290835077904883,0.20458792628875194,0.2162345881139891,0.21234635702630847,0.20681755970904392,0.03260408393328228,0.028310638996658328,0.025518758225058457,0.036634406556306794
Period,"Gini insee, all income","Gini insee, labour income","Gini insee, labour and pension income","Gini insee, labour and family benefits income","Decile ratio, all income","Decile ratio, labour income","Decile ratio, labour and pension income","Decile ratio, labour and familiy benefits income","Top 10%, share of all income","Top 10%, share of labour income","Top 10%, share of labour and pension income","Top 10%, share of labour and familiy benefits income","Bottom 10%, share of all income","Bottom 10%, share of labour income","Bottom 10%, share of labour and pension income","Bottom 10%, share of labour and familiy benefits income"
52,0.35345181463595626,0.38117323483175447,0.36241872392845231,0.37359432896349881,5.221160742162514,6.615925650916504,5.987881325548486,6.0395646075151435,0.2089416660162063,0.21414922543655965,0.2161531214183651,0.2054817637908688,0.03389447265244124,0.02820697859343335,0.025409035040439877,0.03838782180378823
Period,"Gini insee, all income","Gini insee, labour income","Gini insee, labour and pension income","Gini insee, labour and family benefits income","Decile ratio, all income","Decile ratio, labour income","Decile ratio, labour and pension income","Decile ratio, labour and familiy benefits income","Top 10%, share of all income","Top 10%, share of labour income","Top 10%, share of labour and pension income","Top 10%, share of labour and familiy benefits income","Bottom 10%, share of all income","Bottom 10%, share of labour income","Bottom 10%, share of labour and pension income","Bottom 10%, share of labour and familiy benefits income"
53,0.3524007142996457,0.38170474389099224,0.36331178443217738,0.37085052683619907,5.238703931173075,6.863435127313937,6.0168418258340015,6.01370745067314,0.20737082323832234,0.21554973020418824,0.21560352409733075,0.2056824391189599,0.03529016907097559,0.027345542301895707,0.025118679219256177,0.03943767477526303
Period,"Gini insee, all income","Gini insee, labour income","Gini insee, labour and pension income","Gini insee, labour and family benefits income","Decile ratio, all income","Decile ratio, labour income","Decile ratio, labour and pension income","Decile ratio, labour and familiy benefits income","Top 10%, share of all income","Top 10%, share of labour income","Top 10%, share of labour and pension income","Top 10%, share of labour and familiy benefits income","Bottom 10%, share of all income","Bottom 10%, share of labour income","Bottom 10%, share of labour and pension income","Bottom 10%, share of labour and familiy benefits income"
54,0.35357669262201036,0.38239553337583743,0.36404251814365246,0.37204597971661396,5.205044319026935,6.68665740894473,6.06419773614807,5.841974254461787,0.20416868178340603,0.2077995599868343,0.21110574733788112,0.19948477382861363,0.03772945855567702,0.03149501775028322,0.02769335138688264,0.0435635949987848
Period,"Gini insee, all income","Gini insee, labour income","Gini insee, labour and pension income","Gini insee, labour and family benefits income","Decile ratio, all income","Decile ratio, labour income","Decile ratio, labour and pension income","Decile ratio, labour and familiy benefits income","Top 10%, share of all income","Top 10%, share of labour income","Top 10%, share of labour and pension income","Top 10%, share of labour and familiy benefits income","Bottom 10%, share of all income","Bottom 10%, share of labour income","Bottom 10%, share of labour and pension income","Bottom 10%, share of labour and familiy benefits income"
55,0.35495983298454759,0.37607222559943276,0.36174096363950209,0.37212246143684369,5.318301444751539,6.655382083889874,5.871701529937391,6.082686621446418,0.20397154078670865,0.20817841302022258,0.20960573332416335,0.20141426703974502,0.036603258284499084,0.030184371304579127,0.027512011444495506,0.04108689733682178
Period,"Gini insee, all income","Gini insee, labour income","Gini insee, labour and pension income","Gini insee, labour and family benefits income","Decile ratio, all income","Decile ratio, labour income","Decile ratio, labour and pension income","Decile ratio, labour and familiy benefits income","Top 10%, share of all income","Top 10%, share of labour income","Top 10%, share of labour and pension income","Top 10%, share of labour and familiy benefits income","Bottom 10%, share of all income","Bottom 10%, share of labour income","Bottom 10%, share of labour and pension income","Bottom 10%, share of labour and familiy benefits income"
56,0.34263104607082651,0.37296403910557052,0.35678237808799307,0.35815460642065977,5.151878156138033,6.480063745794595,5.974630560287536,5.6857254805524615,0.19403672948697978,0.19628498367035507,0.20271318597045812,0.18602690213698755,0.03885248048188453,0.03451057730723815,0.03051204641951613,0.04448681504348485
Period,"Gini insee, all income","Gini insee, labour income","Gini insee, labour and pension income","Gini insee, labour and family benefits income","Decile ratio, all income","Decile ratio, labour income","Decile ratio, labour and pension income","Decile ratio, labour and familiy benefits income","Top 10%, share of all income","Top 10%, share of labour income","Top 10%, share of labour and pension income","Top 10%, share of labour and familiy benefits income","Bottom 10%, share of all income","Bottom 10%, share of labour income","Bottom 10%, share of labour and pension income","Bottom 10%, share of labour and familiy benefits income"
57,0.34609332120469627,0.37495724962906279,0.35956221176576714,0.36159006890352968,5.053535939826247,6.616138066253381,5.762780220981573,5.817402260165675,0.19558441012996572,0.2006306770573165,0.20612483347504942,0.18813456064113088,0.03782936969661916,0.03176770851326627,0.028380894055160935,0.04306616792833046
Period,"Gini insee, all income","Gini insee, labour income","Gini insee, labour and pension income","Gini insee, labour and family benefits income","Decile ratio, all income","Decile ratio, labour income","Decile ratio, labour and pension income","Decile ratio, labour and familiy benefits income","Top 10%, share of all income","Top 10%, share of labour income","Top 10%, share of labour and pension income","Top 10%, share of labour and familiy benefits income","Bottom 10%, share of all income","Bottom 10%, share of labour income","Bottom 10%, share of labour and pension income","Bottom 10%, share of labour and familiy benefits income"
58,0.34680855393339405,0.37808194508740955,0.35876820743780108,0.36499843421793371,5.236160898051549,6.83077156271597,5.951141001346259,6.003240955618075,0.19407292928544143,0.19782699277891158,0.20353645304800805,0.18651075563830322,0.0363019156370412,0.031108614276842746,0.027015108046532697,0.042301651773185636
Period,"Gini insee, all income","Gini insee, labour income","Gini insee, labour and pension income","Gini insee, labour and family benefits income","Decile ratio, all income","Decile ratio, labour income","Decile ratio, labour and pension income","Decile ratio, labour and familiy benefits income","Top 10%, share of all income","Top 10%, share of labour income","Top 10%, share of labour and pension income","Top 10%, share of labour and familiy benefits income","Bottom 10%, share of all income","Bottom 10%, share of labour income","Bottom 10%, share of labour and pension income","Bottom 10%, share of labour and familiy benefits income"
59,0.34926400863549228,0.37876524521459348,0.36175376140374726,0.36595936416811164,5.1216582389802445,6.926521622641183,5.963903879701512,5.9558326560514905,0.1980288288030864,0.2061188236838185,0.20641029885777892,0.1958297806978591,0.036846202356028826,0.0331225239742294,0.029101493411499372,0.04244058567427466
Period,"Gini insee, all income","Gini insee, labour income","Gini insee, labour and pension income","Gini insee, labour and family benefits income","Decile ratio, all income","Decile ratio, labour income","Decile ratio, labour and pension income","Decile ratio, labour and familiy benefits income","Top 10%, share of all income","Top 10%, share of labour income","Top 10%, share of labour and pension income","Top 10%, share of labour and familiy benefits income","Bottom 10%, share of all income","Bottom 10%, share of labour income","Bottom 10%, share of labour and pension income","Bottom 10%, share of labour and familiy benefits income"
60,0.34822920574115263,0.37921513732652057,0.36191993714644383,0.36656384196680231,5.21545337479173,7.044644023682026,6.029733407737501,6.011763084725109,0.1969935999016026,0.19977687739176497,0.2063515736627503,0.1884580522561405,0.036399062843235575,0.03295140448650987,0.028617021415892976,0.042428691443311024
Period,"Gini insee, all income","Gini insee, labour income","Gini insee, labour and pension income","Gini insee, labour and family benefits income","Decile ratio, all income","Decile ratio, labour income","Decile ratio, labour and pension income","Decile ratio, labour and familiy benefits income","Top 10%, share of all income","Top 10%, share of labour income","Top 10%, share of labour and pension income","Top 10%, share of labour and familiy benefits income","Bottom 10%, share of all income","Bottom 10%, share of labour income","Bottom 10%, share of labour and pension income","Bottom 10%, share of labour and familiy benefits income"
61,0.34282718325993572,0.37818089990237042,0.35855472700672997,0.3606218367491002,4.83761117175989,6.82423212511031,5.867308588436182,5.719596296532204,0.19639951546450532,0.20393430614820846,0.20688645572644102,0.19110851201503992,0.039271069704976264,0.03386618555758413,0.02903366370970875,0.04626335808811159
Period,"Gini insee, all income","Gini insee, labour income","Gini insee, labour and pension income","Gini insee, labour and family benefits income","Decile ratio, all income","Decile ratio, labour income","Decile ratio, labour and pension income","Decile ratio, labour and familiy benefits income","Top 10%, share of all income","Top 10%, share of labour income","Top 10%, share of labour and pension income","Top 10%, share of labour and familiy benefits income","Bottom 10%, share of all income","Bottom 10%, share of labour income","Bottom 10%, share of labour and pension income","Bottom 10%, share of labour and familiy benefits income"
62,0.35105164299023267,0.38179565350763511,0.36043826405133533,0.3718687950615181,5.1365216212293205,6.826186931009087,5.89564042145634,6.06155685722483,0.19908339811245535,0.20474479323745068,0.20694568772120597,0.1950665223836838,0.03774514529947539,0.03464670673376523,0.02931211835478412,0.04488647871728225
Period,"Gini insee, all income","Gini insee, labour income","Gini insee, labour and pension income","Gini insee, labour and family benefits income","Decile ratio, all income","Decile ratio, labour income","Decile ratio, labour and pension income","Decile ratio, labour and familiy benefits income","Top 10%, share of all income","Top 10%, share of labour income","Top 10%, share of labour and pension income","Top 10%, share of labour and familiy benefits income","Bottom 10%, share of all income","Bottom 10%, share of labour income","Bottom 10%, share of labour and pension income","Bottom 10%, share of labour and familiy benefits income"
63,0.34716885251431395,0.37352640038765778,0.35505848749030217,0.3660914389322894,4.872514374426804,6.228904779645489,5.285125116832618,5.794629535641548,0.19669356037600857,0.20023901581472603,0.2037609777218782,0.19160722566643126,0.03968209946029282,0.037381050729613216,0.0316119130341675,0.04716212896471548
Period,"Gini insee, all income","Gini insee, labour income","Gini insee, labour and pension income","Gini insee, labour and family benefits income","Decile ratio, all income","Decile ratio, labour income","Decile ratio, labour and pension income","Decile ratio, labour and familiy benefits income","Top 10%, share of all income","Top 10%, share of labour income","Top 10%, share of labour and pension income","Top 10%, share of labour and familiy benefits income","Bottom 10%, share of all income","Bottom 10%, share of labour income","Bottom 10%, share of labour and pension income","Bottom 10%, share of labour and familiy benefits income"
64,0.35048212237880944,0.37708136294697747,0.35688923431968783,0.37240523099087625,5.233808345983545,6.91864060351709,5.70485592342413,6.489986503519747,0.1957057328564633,0.203737959246171,0.20279065835824886,0.19487751684342788,0.035239038595686924,0.030003170337474704,0.02665438774032023,0.04054324449695723
Period,"Gini insee, all income","Gini insee, labour income","Gini insee, labour and pension income","Gini insee, labour and family benefits income","Decile ratio, all income","Decile ratio, labour income","Decile ratio, labour and pension income","Decile ratio, labour and familiy benefits income","Top 10%, share of all income","Top 10%, share of labour income","Top 10%, share of labour and pension income","Top 10%, share of labour and familiy benefits income","Bottom 10%, share of all income","Bottom 10%, share of labour income","Bottom 10%, share of labour and pension income","Bottom 10%, share of labour and familiy benefits income"
65,0.34511371889863474,0.3732443701893785,0.3557962647735845,0.36209621840959255,5.178733568443792,6.928478644537492,5.702466107880186,6.067508138248662,0.19721346961276592,0.20679229358958617,0.2057688046774012,0.19610796750889956,0.03887290803577407,0.03184385141086026,0.028785354679297884,0.04422066359027939
Period,"Gini insee, all income","Gini insee, labour income","Gini insee, labour and pension income","Gini insee, labour and family benefits income","Decile ratio, all income","Decile ratio, labour income","Decile ratio, labour and pension income","Decile ratio, labour and familiy benefits income","Top 10%, share of all income","Top 10%, share of labour income","Top 10%, share of labour and pension income","Top 10%, share of labour and familiy benefits income","Bottom 10%, share of all income","Bottom 10%, share of labour income","Bottom 10%, share of labour and pension income","Bottom 10%, share of labour and familiy benefits income"
66,0.34846175864420892,0.37994743537636499,0.35773107658081466,0.37009262994648467,5.311733830249811,7.178988551266106,5.767088265065334,6.270737775958021,0.19777334237066302,0.20706073865305918,0.20492072918333043,0.1980423307433604,0.03785984161531659,0.03358882769230289,0.02913475477952859,0.04428954114649848
Period,"Gini insee, all income","Gini insee, labour income","Gini insee, labour and pension income","Gini insee, labour and family benefits income","Decile ratio, all income","Decile ratio, labour income","Decile ratio, labour and pension income","Decile ratio, labour and familiy benefits income","Top 10%, share of all income","Top 10%, share of labour income","Top 10%, share of labour and pension income","Top 10%, share of labour and familiy benefits income","Bottom 10%, share of all income","Bottom 10%, share of labour income","Bottom 10%, share of labour and pension income","Bottom 10%, share of labour and familiy benefits income"
67,0.35212144691937036,0.38208246936418616,0.36024072267127361,0.37330462283565485,5.234721456575024,7.399160381388634,5.76819250889379,6.595351662344347,0.1999632778839578,0.2077469973834048,0.20703059116801734,0.198863063011635,0.03899648950145861,0.034842811275133376,0.02955688488420112,0.046440463914224135
Period,"Gini insee, all income","Gini insee, labour income","Gini insee, labour and pension income","Gini insee, labour and family benefits income","Decile ratio, all income","Decile ratio, labour income","Decile ratio, labour and pension income","Decile ratio, labour and familiy benefits income","Top 10%, share of all income","Top 10%, share of labour income","Top 10%, share of labour and pension income","Top 10%, share of labour and familiy benefits income","Bottom 10%, share of all income","Bottom 10%, share of labour income","Bottom 10%, share of labour and pension income","Bottom 10%, share of labour and familiy benefits income"
68,0.35406168305790436,0.38659449733271994,0.36317089286512722,0.37866106204859012,5.566270719304152,7.666815771697222,6.153867171419862,6.720212424836123,0.20102009759524192,0.21264758795069919,0.20848280476182043,0.20305863562700077,0.039206556314407615,0.033816876558433004,0.02960058449697253,0.04572756002760624
Period,"Gini insee, all income","Gini insee, labour income","Gini insee, labour and pension income","Gini insee, labour and family benefits income","Decile ratio, all income","Decile ratio, labour income","Decile ratio, labour and pension income","Decile ratio, labour and familiy benefits income","Top 10%, share of all income","Top 10%, share of labour income","Top 10%, share of labour and pension income","Top 10%, share of labour and familiy benefits income","Bottom 10%, share of all income","Bottom 10%, share of labour income","Bottom 10%, share of labour and pension income","Bottom 10%, share of labour and familiy benefits income"
69,0.3473803430446315,0.3839977903188635,0.35903512477600286,0.371358470730346,5.141886583139374,7.32954623497321,5.84819591716439,6.373480683704885,0.19984210265012278,0.21365879689153336,0.20864786436417948,0.20228490385856313,0.03975235156932185,0.03405969710897579,0.029599567289787708,0.046626086890919155
Period,"Gini insee, all income","Gini insee, labour income","Gini insee, labour and pension income","Gini insee, labour and family benefits income","Decile ratio, all income","Decile ratio, labour income","Decile ratio, labour and pension income","Decile ratio, labour and familiy benefits income","Top 10%, share of all income","Top 10%, share of labour income","Top 10%, share of labour and pension income","Top 10%, share of labour and familiy benefits income","Bottom 10%, share of all income","Bottom 10%, share of labour income","Bottom 10%, share of labour and pension income","Bottom 10%, share of labour and familiy benefits income"
70,0.34954468187805593,0.37914830420173917,0.35711070632105196,0.37105704781863869,5.111067407903632,6.985190723996515,5.716077517788296,6.276775275079364,0.19713679137623322,0.20669723418686844,0.20376773820845545,0.19818894286403332,0.03899107206129608,0.03656181526953864,0.03151572084720292,0.04580978179841965
Period,"Gini insee, all income","Gini insee, labour income","Gini insee, labour and pension income","Gini insee, labour and family benefits income","Decile ratio, all income","Decile ratio, labour income","Decile ratio, labour and pension income","Decile ratio, labour and familiy benefits income","Top 10%, share of all income","Top 10%, share of labour income","Top 10%, share of labour and pension income","Top 10%, share of labour and familiy benefits income","Bottom 10%, share of all income","Bottom 10%, share of labour income","Bottom 10%, share of labour and pension income","Bottom 10%, share of labour and familiy benefits income"
71,0.34452258622344051,0.37610562920312479,0.35116401287493709,0.36968288062746912,5.022571924719076,7.042414688826628,5.576719299083342,6.352450749657287,0.1974554753460793,0.21037857033604915,0.20381686101644825,0.2020269984005822,0.03855370650404839,0.03589903819385857,0.03093171601671339,0.045395882426900874
Period,"Gini insee, all income","Gini insee, labour income","Gini insee, labour and pension income","Gini insee, labour and family benefits income","Decile ratio, all income","Decile ratio, labour income","Decile ratio, labour and pension income","Decile ratio, labour and familiy benefits income","Top 10%, share of all income","Top 10%, share of labour income","Top 10%, share of labour and pension income","Top 10%, share of labour and familiy benefits income","Bottom 10%, share of all income","Bottom 10%, share of labour income","Bottom 10%, share of labour and pension income","Bottom 10%, share of labour and familiy benefits income"
72,0.34787049726659292,0.3807314381240699,0.35733566106272496,0.37009813344081333,5.347038625778372,7.4588679092611985,5.8072597056228155,6.411356792264538,0.20034355270338225,0.2125955708652907,0.2072430759394555,0.20357506234274084,0.039794648280099855,0.0354139593762748,0.030235692726248643,0.04737718881015273
Period,"Gini insee, all income","Gini insee, labour income","Gini insee, labour and pension income","Gini insee, labour and family benefits income","Decile ratio, all income","Decile ratio, labour income","Decile ratio, labour and pension income","Decile ratio, labour and familiy benefits income","Top 10%, share of all income","Top 10%, share of labour income","Top 10%, share of labour and pension income","Top 10%, share of labour and familiy benefits income","Bottom 10%, share of all income","Bottom 10%, share of labour income","Bottom 10%, share of labour and pension income","Bottom 10%, share of labour and familiy benefits income"
73,0.34650611113950264,0.38650182900592628,0.35743840332038546,0.37368028584415575,5.166565261638406,7.824232254296722,5.858778177724661,6.631517354203612,0.20540099188335736,0.22344077262773446,0.21443528441736529,0.21141808991286176,0.039247436365089254,0.03404436206983915,0.028975448706541354,0.046885868856946754
Period,"Gini insee, all income","Gini insee, labour income","Gini insee, labour and pension income","Gini insee, labour and family benefits income","Decile ratio, all income","Decile ratio, labour income","Decile ratio, labour and pension income","Decile ratio, labour and familiy benefits income","Top 10%, share of all income","Top 10%, share of labour income","Top 10%, share of labour and pension income","Top 10%, share of labour and familiy benefits income","Bottom 10%, share of all income","Bottom 10%, share of labour income","Bottom 10%, share of labour and pension income","Bottom 10%, share of labour and familiy benefits income"
74,0.3454228328109113,0.38389241761098525,0.35383716430995144,0.37524649634885632,4.996427850440774,7.261693660803668,5.649367438501553,6.764208436406196,0.2054439399123256,0.2246560722135902,0.21269645867075235,0.21481588372847235,0.038860756225599966,0.03662973413607408,0.03097421557345276,0.046509963648552206
Period,"Gini insee, all income","Gini insee, labour income","Gini insee, labour and pension income","Gini insee, labour and family benefits income","Decile ratio, all income","Decile ratio, labour income","Decile ratio, labour and pension income","Decile ratio, labour and familiy benefits income","Top 10%, share of all income","Top 10%, share of labour income","Top 10%, share of labour and pension income","Top 10%, share of labour and familiy benefits income","Bottom 10%, share of all income","Bottom 10%, share of labour income","Bottom 10%, share of labour and pension income","Bottom 10%, share of labour and familiy benefits income"
75,0.34064168004709072,0.37501633775412035,0.34528265790594809,0.37165359942212223,4.673108281606038,6.546569170947727,5.1670695694155935,6.457660709334078,0.2009675377331577,0.21926780583245198,0.20759869245788537,0.2102061201474058,0.03936846017289959,0.03875483684431435,0.031640818640480316,0.04844678846034534
Period,"Gini insee, all income","Gini insee, labour income","Gini insee, labour and pension income","Gini insee, labour and family benefits income","Decile ratio, all income","Decile ratio, labour income","Decile ratio, labour and pension income","Decile ratio, labour and familiy benefits income","Top 10%, share of all income","Top 10%, share of labour income","Top 10%, share of labour and pension income","Top 10%, share of labour and familiy benefits income","Bottom 10%, share of all income","Bottom 10%, share of labour income","Bottom 10%, share of labour and pension income","Bottom 10%, share of labour and familiy benefits income"
76,0.34052010327161708,0.37562640037192158,0.34748167856833606,0.36801975644229784,4.929455836203572,7.2097360966493405,5.47387928836268,6.553933838181433,0.20022762242020978,0.21715236541977645,0.20665806788405602,0.20837697841435499,0.040875775691042754,0.03964223471256993,0.03211554613846148,0.050712374916255895
Period,"Gini insee, all income","Gini insee, labour income","Gini insee, labour and pension income","Gini insee, labour and family benefits income","Decile ratio, all income","Decile ratio, labour income","Decile ratio, labour and pension income","Decile ratio, labour and familiy benefits income","Top 10%, share of all income","Top 10%, share of labour income","Top 10%, share of labour and pension income","Top 10%, share of labour and familiy benefits income","Bottom 10%, share of all income","Bottom 10%, share of labour income","Bottom 10%, share of labour and pension income","Bottom 10%, share of labour and familiy benefits income"
77,0.33606904475463462,0.36850908852150405,0.3418437550732169,0.36237493429551776,4.831301456573682,6.969061355566214,5.313799395686192,6.52644270245268,0.20181934840016832,0.2243668761372226,0.20985301122867156,0.21324439937039982,0.03903619162409076,0.033770650971697236,0.029382610035643485,0.046045466802849426
Period,"Gini insee, all income","Gini insee, labour income","Gini insee, labour and pension income","Gini insee, labour and family benefits income","Decile ratio, all income","Decile ratio, labour income","Decile ratio, labour and pension income","Decile ratio, labour and familiy benefits income","Top 10%, share of all income","Top 10%, share of labour income","Top 10%, share of labour and pension income","Top 10%, share of labour and familiy benefits income","Bottom 10%, share of all income","Bottom 10%, share of labour income","Bottom 10%, share of labour and pension income","Bottom 10%, share of labour and familiy benefits income"
78,0.34263038646468241,0.37424130852179543,0.34434503414557227,0.37346305984223033,4.968866692858765,6.826617868264149,5.125379369908954,6.773932031111,0.2054257393192617,0.225166631400997,0.21167260162532758,0.2164670105666952,0.037856482368201334,0.03591653344890421,0.029101841708791102,0.047104444082817214
Period,"Gini insee, all income","Gini insee, labour income","Gini insee, labour and pension income","Gini insee, labour and family benefits income","Decile ratio, all income","Decile ratio, labour income","Decile ratio, labour and pension income","Decile ratio, labour and familiy benefits income","Top 10%, share of all income","Top 10%, share of labour income","Top 10%, share of labour and pension income","Top 10%, share of labour and familiy benefits income","Bottom 10%, share of all income","Bottom 10%, share of labour income","Bottom 10%, share of labour and pension income","Bottom 10%, share of labour and familiy benefits income"
79,0.34110498703991782,0.37732827534636987,0.34460077681676143,0.37426247179445299,4.979647391935507,6.863628076788725,5.1248508310944265,6.7232726517330645,0.20283958972759983,0.21895478194675752,0.2089338574991148,0.2105069226211999,0.03984842852563978,0.04099227904209929,0.03232691930272096,0.05060301825332335
Period,"Gini insee, all income","Gini insee, labour income","Gini insee, labour and pension income","Gini insee, labour and family benefits income","Decile ratio, all income","Decile ratio, labour income","Decile ratio, labour and pension income","Decile ratio, labour and familiy benefits income","Top 10%, share of all income","Top 10%, share of labour income","Top 10%, share of labour and pension income","Top 10%, share of labour and familiy benefits income","Bottom 10%, share of all income","Bottom 10%, share of labour income","Bottom 10%, share of labour and pension income","Bottom 10%, share of labour and familiy benefits income"
80,0.33727298382154963,0.37457734971112311,0.34340713448333782,0.36883061252414645,4.838613544772177,6.615126060997728,5.124634934574472,6.3093810857101555,0.2058452279026635,0.2263357125677283,0.21201490885188265,0.2175746715236666,0.04371879771781838,0.04291718156996924,0.034446632263278786,0.05491564161923378
Period,"Gini insee, all income","Gini insee, labour income","Gini insee, labour and pension income","Gini insee, labour and family benefits income","Decile ratio, all income","Decile ratio, labour income","Decile ratio, labour and pension income","Decile ratio, labour and familiy benefits income","Top 10%, share of all income","Top 10%, share of labour income","Top 10%, share of labour and pension income","Top 10%, share of labour and familiy benefits income","Bottom 10%, share of all income","Bottom 10%, share of labour income","Bottom 10%, share of labour and pension income","Bottom 10%, share of labour and familiy benefits income"
81,0.34044127664060148,0.37714966737039612,0.35066678380200861,0.36463167756638115,4.8749227687902215,6.878780427591071,5.556786290928235,6.197328767899848,0.19840888481293475,0.2173568355417987,0.20628460486930644,0.20625570384014866,0.04122634994309295,0.0405916414251176,0.03275065078651535,0.05152738733269864
Period,"Gini insee, all income","Gini insee, labour income","Gini insee, labour and pension income","Gini insee, labour and family benefits income","Decile ratio, all income","Decile ratio, labour income","Decile ratio, labour and pension income","Decile ratio, labour and familiy benefits income","Top 10%, share of all income","Top 10%, share of labour income","Top 10%, share of labour and pension income","Top 10%, share of labour and familiy benefits income","Bottom 10%, share of all income","Bottom 10%, share of labour income","Bottom 10%, share of labour and pension income","Bottom 10%, share of labour and familiy benefits income"
82,0.33460704975690508,0.36532546404541488,0.33940535424258228,0.36018930099457253,4.633377336969115,6.5279572162040465,4.949394353628174,6.0909115715379984,0.19446422511511446,0.2056805228196079,0.20053575877581095,0.19727904075399236,0.04166244643005979,0.04122040611171744,0.03326154384701162,0.05222940446384813
Period,"Gini insee, all income","Gini insee, labour income","Gini insee, labour and pension income","Gini insee, labour and family benefits income","Decile ratio, all income","Decile ratio, labour income","Decile ratio, labour and pension income","Decile ratio, labour and familiy benefits income","Top 10%, share of all income","Top 10%, share of labour income","Top 10%, share of labour and pension income","Top 10%, share of labour and familiy benefits income","Bottom 10%, share of all income","Bottom 10%, share of labour income","Bottom 10%, share of labour and pension income","Bottom 10%, share of labour and familiy benefits income"
83,0.33469009873953076,0.36711503973474435,0.34035394089572968,0.35974141311606278,4.7070236998201125,6.9064076020823295,5.215713648287796,5.973057391761024,0.1991329607204004,0.2107897942351367,0.20591339911347425,0.20137651140913013,0.04498380578649784,0.043190664094154965,0.03335304303314055,0.058525417818100445
Period,"Gini insee, all income","Gini insee, labour income","Gini insee, labour and pension income","Gini insee, labour and family benefits income","Decile ratio, all income","Decile ratio, labour income","Decile ratio, labour and pension income","Decile ratio, labour and familiy benefits income","Top 10%, share of all income","Top 10%, share of labour income","Top 10%, share of labour and pension income","Top 10%, share of labour and familiy benefits income","Bottom 10%, share of all income","Bottom 10%, share of labour income","Bottom 10%, share of labour and pension income","Bottom 10%, share of labour and familiy benefits income"
84,0.33426106755416202,0.36833113237689019,0.34205003958690811,0.35726635416130237,4.871940367852963,7.27476499053547,5.23237699435917,6.15013918422602,0.20371401390983163,0.22379755524276004,0.21023381729630475,0.21438162677951092,0.04546785203352538,0.04427735944699201,0.03507516642254267,0.0579867685395543
Period,"Gini insee, all income","Gini insee, labour income","Gini insee, labour and pension income","Gini insee, labour and family benefits income","Decile ratio, all income","Decile ratio, labour income","Decile ratio, labour and pension income","Decile ratio, labour and familiy benefits income","Top 10%, share of all income","Top 10%, share of labour income","Top 10%, share of labour and pension income","Top 10%, share of labour and familiy benefits income","Bottom 10%, share of all income","Bottom 10%, share of labour income","Bottom 10%, share of labour and pension income","Bottom 10%, share of labour and familiy benefits income"
85,0.32932388648772437,0.36325810870095043,0.33650782555931846,0.35568353526725799,4.50854721516009,6.840305970706833,4.971250930518021,6.246830605534026,0.19242925750342538,0.20483369742811539,0.2002262252911738,0.19404250430450512,0.041735241506613306,0.03886013211469574,0.0318912821279518,0.051810724777485
Period,"Gini insee, all income","Gini insee, labour income","Gini insee, labour and pension income","Gini insee, labour and family benefits income","Decile ratio, all income","Decile ratio, labour income","Decile ratio, labour and pension income","Decile ratio, labour and familiy benefits income","Top 10%, share of all income","Top 10%, share of labour income","Top 10%, share of labour and pension income","Top 10%, share of labour and familiy benefits income","Bottom 10%, share of all income","Bottom 10%, share of labour income","Bottom 10%, share of labour and pension income","Bottom 10%, share of labour and familiy benefits income"
86,0.33614663872290301,0.37159358999559478,0.34121444248782984,0.36472633019578482,5.0204773161802825,7.471452802880031,5.561338989286393,6.614320420459621,0.1950378451877166,0.21103700703983327,0.2013126698355834,0.20210612968180489,0.043626150805758115,0.040309066121652484,0.03329890935418523,0.054034121744589214
Period,"Gini insee, all income","Gini insee, labour income","Gini insee, labour and pension income","Gini insee, labour and family benefits income","Decile ratio, all income","Decile ratio, labour income","Decile ratio, labour and pension income","Decile ratio, labour and familiy benefits income","Top 10%, share of all income","Top 10%, share of labour income","Top 10%, share of labour and pension income","Top 10%, share of labour and familiy benefits income","Bottom 10%, share of all income","Bottom 10%, share of labour income","Bottom 10%, share of labour and pension income","Bottom 10%, share of labour and familiy benefits income"
87,0.34109308457954224,0.37685754451394265,0.34485771149598748,0.37452910040671783,5.05569054927332,7.209906497761312,5.363518560690968,6.882326949172764,0.20242703528367686,0.2222705939453202,0.20874400214437444,0.21307573548598463,0.04262118200016378,0.042244544783265545,0.03337900765947314,0.05451230622018572
Period,"Gini insee, all income","Gini insee, labour income","Gini insee, labour and pension income","Gini insee, labour and family benefits income","Decile ratio, all income","Decile ratio, labour income","Decile ratio, labour and pension income","Decile ratio, labour and familiy benefits income","Top 10%, share of all income","Top 10%, share of labour income","Top 10%, share of labour and pension income","Top 10%, share of labour and familiy benefits income","Bottom 10%, share of all income","Bottom 10%, share of labour income","Bottom 10%, share of labour and pension income","Bottom 10%, share of labour and familiy benefits income"
88,0.34188179701467841,0.37924117139448854,0.34698339504457948,0.37343660500714232,5.043608009976661,7.529431457928397,5.242153757788998,6.901833382096173,0.20149122707612793,0.21994248943349823,0.2071794878897145,0.21166632724340695,0.04411861670851099,0.0441890691630021,0.03404703560132617,0.057605789972726466
Period,"Gini insee, all income","Gini insee, labour income","Gini insee, labour and pension income","Gini insee, labour and family benefits income","Decile ratio, all income","Decile ratio, labour income","Decile ratio, labour and pension income","Decile ratio, labour and familiy benefits income","Top 10%, share of all income","Top 10%, share of labour income","Top 10%, share of labour and pension income","Top 10%, share of labour and familiy benefits income","Bottom 10%, share of all income","Bottom 10%, share of labour income","Bottom 10%, share of labour and pension income","Bottom 10%, share of labour and familiy benefits income"
89,0.3332055353306253,0.37240739762000752,0.34026146556076953,0.36318228322705659,4.783427286228858,7.255323337404111,5.183729521988633,6.432084568530602,0.20654390176532075,0.2281373636660229,0.21411890899736585,0.21711732642940468,0.04460271001463298,0.04263951558078919,0.03300545802747495,0.057996403536212035
Period,"Gini insee, all income","Gini insee, labour income","Gini insee, labour and pension income","Gini insee, labour and family benefits income","Decile ratio, all income","Decile ratio, labour income","Decile ratio, labour and pension income","Decile ratio, labour and familiy benefits income","Top 10%, share of all income","Top 10%, share of labour income","Top 10%, share of labour and pension income","Top 10%, share of labour and familiy benefits income","Bottom 10%, share of all income","Bottom 10%, share of labour income","Bottom 10%, share of labour and pension income","Bottom 10%, share of labour and familiy benefits income"
90,0.3428977946795318,0.37892432780738,0.34442305012896568,0.37804636428658772,5.341908048661785,7.873035802639085,5.442552748254763,7.1447968640560715,0.21130920547814638,0.2378427858434113,0.21752758970806932,0.22845784390160007,0.04148585901903431,0.04074599499201264,0.031244903339411923,0.05449968327854445
Period,"Gini insee, all income","Gini insee, labour income","Gini insee, labour and pension income","Gini insee, labour and family benefits income","Decile ratio, all income","Decile ratio, labour income","Decile ratio, labour and pension income","Decile ratio, labour and familiy benefits income","Top 10%, share of all income","Top 10%, share of labour income","Top 10%, share of labour and pension income","Top 10%, share of labour and familiy benefits income","Bottom 10%, share of all income","Bottom 10%, share of labour income","Bottom 10%, share of labour and pension income","Bottom 10%, share of labour and familiy benefits income"
91,0.3383246368809531,0.3743767705499666,0.33980972012397048,0.37459980780061652,4.883878423220563,7.1573737711194205,5.180039807679605,6.891707474306746,0.19834902293512274,0.2092594640471082,0.2038862678273276,0.20137232633542637,0.04103755937183551,0.04182010923855999,0.03151059807995053,0.0546462713941369
Period,"Gini insee, all income","Gini insee, labour income","Gini insee, labour and pension income","Gini insee, labour and family benefits income","Decile ratio, all income","Decile ratio, labour income","Decile ratio, labour and pension income","Decile ratio, labour and familiy benefits income","Top 10%, share of all income","Top 10%, share of labour income","Top 10%, share of labour and pension income","Top 10%, share of labour and familiy benefits income","Bottom 10%, share of all income","Bottom 10%, share of labour income","Bottom 10%, share of labour and pension income","Bottom 10%, share of labour and familiy benefits income"
92,0.33508800356605745,0.37241878454076438,0.33765518167384118,0.36922280318884876,4.834602853396752,6.9384564052820235,5.1323528478585185,6.663147793887691,0.19430209556300793,0.20589243536816837,0.19995223430530004,0.19784152396948215,0.04196818026906374,0.04355032772542229,0.03344918816307247,0.05494279866729939
Period,"Gini insee, all income","Gini insee, labour income","Gini insee, labour and pension income","Gini insee, labour and family benefits income","Decile ratio, all income","Decile ratio, labour income","Decile ratio, labour and pension income","Decile ratio, labour and familiy benefits income","Top 10%, share of all income","Top 10%, share of labour income","Top 10%, share of labour and pension income","Top 10%, share of labour and familiy benefits income","Bottom 10%, share of all income","Bottom 10%, share of labour income","Bottom 10%, share of labour and pension income","Bottom 10%, share of labour and familiy benefits income"
93,0.3280841977801916,0.36431653917021767,0.33334587571591484,0.35664553689795714,4.569793537858835,6.9786943522321785,4.930997869071555,6.34641735685534,0.19537890446655704,0.21634935070163075,0.2023407709485846,0.2061647398582874,0.04466038811334433,0.044726585321244,0.03442425451234239,0.0582363178113691
Period,"Gini insee, all income","Gini insee, labour income","Gini insee, labour and pension income","Gini insee, labour and family benefits income","Decile ratio, all income","Decile ratio, labour income","Decile ratio, labour and pension income","Decile ratio, labour and familiy benefits income","Top 10%, share of all income","Top 10%, share of labour income","Top 10%, share of labour and pension income","Top 10%, share of labour and familiy benefits income","Bottom 10%, share of all income","Bottom 10%, share of labour income","Bottom 10%, share of labour and pension income","Bottom 10%, share of labour and familiy benefits income"
94,0.33359455891390405,0.36932107379845686,0.3356877514857366,0.36693610498989171,4.585685789670988,7.509625818051633,4.77695183701057,6.623484910697812,0.19751846883065893,0.217653591142893,0.20269608317129986,0.20998706388163707,0.04270971065557131,0.04503628168231589,0.03386628643478285,0.056832608072985215
Period,"Gini insee, all income","Gini insee, labour income","Gini insee, labour and pension income","Gini insee, labour and family benefits income","Decile ratio, all income","Decile ratio, labour income","Decile ratio, labour and pension income","Decile ratio, labour and familiy benefits income","Top 10%, share of all income","Top 10%, share of labour income","Top 10%, share of labour and pension income","Top 10%, share of labour and familiy benefits income","Bottom 10%, share of all income","Bottom 10%, share of labour income","Bottom 10%, share of labour and pension income","Bottom 10%, share of labour and familiy benefits income"
95,0.33864786087066812,0.37285743182509123,0.33761778606012172,0.37417449393721441,4.9517086342933165,6.991501794110256,4.918296866557322,6.624787925831541,0.2055550232355477,0.223872436578255,0.21069750659918537,0.21627536740278433,0.04304838951928288,0.0459965186829089,0.03402864860567886,0.05813117469848945
Period,"Gini insee, all income","Gini insee, labour income","Gini insee, labour and pension income","Gini insee, labour and family benefits income","Decile ratio, all income","Decile ratio, labour income","Decile ratio, labour and pension income","Decile ratio, labour and familiy benefits income","Top 10%, share of all income","Top 10%, share of labour income","Top 10%, share of labour and pension income","Top 10%, share of labour and familiy benefits income","Bottom 10%, share of all income","Bottom 10%, share of labour income","Bottom 10%, share of labour and pension income","Bottom 10%, share of labour and familiy benefits income"
96,0.33691458681721748,0.37467146975557758,0.34077451067405629,0.36863430150098458,4.821023164480641,6.961786825796435,5.086758794545314,6.3081392613102585,0.2065754887073898,0.2223127996302427,0.21170408967248006,0.21480029725998767,0.047834772570124855,0.05246965425105304,0.03892241548059225,0.06443971378997711
Period,"Gini insee, all income","Gini insee, labour income","Gini insee, labour and pension income","Gini insee, labour and family benefits income","Decile ratio, all income","Decile ratio, labour income","Decile ratio, labour and pension income","Decile ratio, labour and familiy benefits income","Top 10%, share of all income","Top 10%, share of labour income","Top 10%, share of labour and pension income","Top 10%, share of labour and familiy benefits income","Bottom 10%, share of all income","Bottom 10%, share of labour income","Bottom 10%, share of labour and pension income","Bottom 10%, share of labour and familiy benefits income"
97,0.34016131941342259,0.37867241923605949,0.3430145128155751,0.37642166756910755,4.774057683796746,6.880862291457149,4.878702314015835,6.65988096968062,0.2110412029779249,0.23236508770491993,0.21838198567094788,0.22142929071360207,0.04485447368545419,0.048629362782223386,0.03536622911232282,0.06128480623942394
Period,"Gini insee, all income","Gini insee, labour income","Gini insee, labour and pension income","Gini insee, labour and family benefits income","Decile ratio, all income","Decile ratio, labour income","Decile ratio, labour and pension income","Decile ratio, labour and familiy benefits income","Top 10%, share of all income","Top 10%, share of labour income","Top 10%, share of labour and pension income","Top 10%, share of labour and familiy benefits income","Bottom 10%, share of all income","Bottom 10%, share of labour income","Bottom 10%, share of labour and pension income","Bottom 10%, share of labour and familiy benefits income"
98,0.33957139526904179,0.37921958801761879,0.34232987547483701,0.37441448953028894,4.823942669843167,7.103043209494563,4.974583063076134,6.531557979961182,0.21496828320217162,0.23282556659531947,0.22037492022115288,0.22476934041892882,0.04702180027800134,0.05290980088270509,0.03859907520668393,0.06428957053741934
Period,"Gini insee, all income","Gini insee, labour income","Gini insee, labour and pension income","Gini insee, labour and family benefits income","Decile ratio, all income","Decile ratio, labour income","Decile ratio, labour and pension income","Decile ratio, labour and familiy benefits income","Top 10%, share of all income","Top 10%, share of labour income","Top 10%, share of labour and pension income","Top 10%, share of labour and familiy benefits income","Bottom 10%, share of all income","Bottom 10%, share of labour income","Bottom 10%, share of labour and pension income","Bottom 10%, share of labour and familiy benefits income"
99,0.34512513138898687,0.38311692867450459,0.34611399143910471,0.38204097005904381,4.93090308715098,7.107126539240683,5.04890670702003,6.7677089178538,0.22303482896216795,0.25034973992675574,0.22853694947952793,0.24188711023125434,0.04578349085088796,0.04799861343966786,0.03575940763483867,0.06166090881952053
Period,"Gini insee, all income","Gini insee, labour income","Gini insee, labour and pension income","Gini insee, labour and family benefits income","Decile ratio, all income","Decile ratio, labour income","Decile ratio, labour and pension income","Decile ratio, labour and familiy benefits income","Top 10%, share of all income","Top 10%, share of labour income","Top 10%, share of labour and pension income","Top 10%, share of labour and familiy benefits income","Bottom 10%, share of all income","Bottom 10%, share of labour income","Bottom 10%, share of labour and pension income","Bottom 10%, share of labour and familiy benefits income"
100,0.34903087634566637,0.37810320004992992,0.34611508545133651,0.38314316012834876,5.029461580670849,7.156656700211177,5.025493181380656,7.091330166440863,0.21981409232970578,0.23861349615875774,0.22525826178504957,0.23049617314385362,0.04294301431880971,0.045215599496129445,0.03294851756372268,0.058863933062250386
Period,"Gini insee, all income","Gini insee, labour income","Gini insee, labour and pension income","Gini insee, labour and family benefits income","Decile ratio, all income","Decile ratio, labour income","Decile ratio, labour and pension income","Decile ratio, labour and familiy benefits income","Top 10%, share of all income","Top 10%, share of labour income","Top 10%, share of labour and pension income","Top 10%, share of labour and familiy benefits income","Bottom 10%, share of all income","Bottom 10%, share of labour income","Bottom 10%, share of labour and pension income","Bottom 10%, share of labour and familiy benefits income"
101,0.34368230482317452,0.37653067759935405,0.34343457994501186,0.37745971993772637,5.004381053482936,7.098643035229204,5.326898475308938,7.014397296453769,0.22149722401552663,0.24696621727563908,0.22819912097763118,0.23678490168289504,0.043565019636780423,0.04559648757906275,0.03437954894399487,0.05801307367661559
Period,"Gini insee, all income","Gini insee, labour income","Gini insee, labour and pension income","Gini insee, labour and family benefits income","Decile ratio, all income","Decile ratio, labour income","Decile ratio, labour and pension income","Decile ratio, labour and familiy benefits income","Top 10%, share of all income","Top 10%, share of labour income","Top 10%, share of labour and pension income","Top 10%, share of labour and familiy benefits income","Bottom 10%, share of all income","Bottom 10%, share of labour income","Bottom 10%, share of labour and pension income","Bottom 10%, share of labour and familiy benefits income"
102,0.34647537617985125,0.3757809185690878,0.34184047698174719,0.38356587386515362,5.045699868569938,6.936131022717593,4.992069906383229,7.147302205309548,0.21417736720246655,0.23647035321263377,0.2190970042906448,0.2289795745992973,0.043816984277414775,0.04764656157365241,0.03449174052043783,0.06038669640028496
Period,"Gini insee, all income","Gini insee, labour income","Gini insee, labour and pension income","Gini insee, labour and family benefits income","Decile ratio, all income","Decile ratio, labour income","Decile ratio, labour and pension income","Decile ratio, labour and familiy benefits income","Top 10%, share of all income","Top 10%, share of labour income","Top 10%, share of labour and pension income","Top 10%, share of labour and familiy benefits income","Bottom 10%, share of all income","Bottom 10%, share of labour income","Bottom 10%, share of labour and pension income","Bottom 10%, share of labour and familiy benefits income"
103,0.3506703181754936,0.37789773802521393,0.34741708792374187,0.38382561199806503,5.1860137506993915,7.117127778323272,5.115180248079738,7.549285510861043,0.2233069326047219,0.24699179994811277,0.22828814109851742,0.23932268765946388,0.042466943230132156,0.04747712146004624,0.03427212534526734,0.058726762882873186
Period,"Gini insee, all income","Gini insee, labour income","Gini insee, labour and pension income","Gini insee, labour and family benefits income","Decile ratio, all income","Decile ratio, labour income","Decile ratio, labour and pension income","Decile ratio, labour and familiy benefits income","Top 10%, share of all income","Top 10%, share of labour income","Top 10%, share of labour and pension income","Top 10%, share of labour and familiy benefits income","Bottom 10%, share of all income","Bottom 10%, share of labour income","Bottom 10%, share of labour and pension income","Bottom 10%, share of labour and familiy benefits income"
104,0.33885182350098758,0.37102975773310837,0.33853651112964911,0.37096056988720122,4.690392488683799,6.711173122702426,4.817454409335959,6.672317871549292,0.21202749292925688,0.22619107977242175,0.21640299474205454,0.21969317958413007,0.04606957947936358,0.052596958807564265,0.0382532385441627,0.06328874665142177
Period,"Gini insee, all income","Gini insee, labour income","Gini insee, labour and pension income","Gini insee, labour and family benefits income","Decile ratio, all income","Decile ratio, labour income","Decile ratio, labour and pension income","Decile ratio, labour and familiy benefits income","Top 10%, share of all income","Top 10%, share of labour income","Top 10%, share of labour and pension income","Top 10%, share of labour and familiy benefits income","Bottom 10%, share of all income","Bottom 10%, share of labour income","Bottom 10%, share of labour and pension income","Bottom 10%, share of labour and familiy benefits income"
105,0.33255193751989054,0.36635889987369041,0.33374702431025827,0.36285993912428416,4.88170947568485,7.057974793096132,4.890780290602032,6.6099540918867135,0.20196317572119432,0.22080229692834485,0.20770610945482,0.21214443296035235,0.04514562019266793,0.0488357575670646,0.035201682090307725,0.06240862967835744
Period,"Gini insee, all income","Gini insee, labour income","Gini insee, labour and pension income","Gini insee, labour and family benefits income","Decile ratio, all income","Decile ratio, labour income","Decile ratio, labour and pension income","Decile ratio, labour and familiy benefits income","Top 10%, share of all income","Top 10%, share of labour income","Top 10%, share of labour and pension income","Top 10%, share of labour and familiy benefits income","Bottom 10%, share of all income","Bottom 10%, share of labour income","Bottom 10%, share of labour and pension income","Bottom 10%, share of labour and familiy benefits income"
106,0.33424352108175986,0.3644186593712197,0.33399504109615086,0.36773118853575087,4.8344655323186565,6.747917907644155,4.713156792722321,6.610459574804985,0.2031224756671643,0.2242471638752375,0.20715632691035005,0.21802995169712935,0.04444845300574784,0.04778901669584626,0.03578368502128408,0.059791397641959246
Period,"Gini insee, all income","Gini insee, labour income","Gini insee, labour and pension income","Gini insee, labour and family benefits income","Decile ratio, all income","Decile ratio, labour income","Decile ratio, labour and pension income","Decile ratio, labour and familiy benefits income","Top 10%, share of all income","Top 10%, share of labour income","Top 10%, share of labour and pension income","Top 10%, share of labour and familiy benefits income","Bottom 10%, share of all income","Bottom 10%, share of labour income","Bottom 10%, share of labour and pension income","Bottom 10%, share of labour and familiy benefits income"
107,0.34109210287129887,0.36887510567627591,0.33709088059167541,0.37394072623013436,5.170388523147327,6.734235745165907,4.897063551331715,7.009456602451753,0.2086394890793928,0.22932353878228764,0.21254947839415536,0.22336058681449267,0.044092658484869984,0.05110544983344937,0.0374466020262636,0.06014472010088361
Period,"Gini insee, all income","Gini insee, labour income","Gini insee, labour and pension income","Gini insee, labour and family benefits income","Decile ratio, all income","Decile ratio, labour income","Decile ratio, labour and pension income","Decile ratio, labour and familiy benefits income","Top 10%, share of all income","Top 10%, share of labour income","Top 10%, share of labour and pension income","Top 10%, share of labour and familiy benefits income","Bottom 10%, share of all income","Bottom 10%, share of labour income","Bottom 10%, share of labour and pension income","Bottom 10%, share of labour and familiy benefits income"
108,0.34545232160550537,0.37613002179413441,0.34476556245977574,0.37753684691166112,5.533088046009149,7.219081522585275,5.3230604772901655,7.187241114020606,0.2194844382803216,0.2381907496493514,0.2236092542543777,0.23190740798990633,0.03923758211529264,0.0477826079903061,0.03495373616798767,0.05356963725547081
Period,"Gini insee, all income","Gini insee, labour income","Gini insee, labour and pension income","Gini insee, labour and family benefits income","Decile ratio, all income","Decile ratio, labour income","Decile ratio, labour and pension income","Decile ratio, labour and familiy benefits income","Top 10%, share of all income","Top 10%, share of labour income","Top 10%, share of labour and pension income","Top 10%, share of labour and familiy benefits income","Bottom 10%, share of all income","Bottom 10%, share of labour income","Bottom 10%, share of labour and pension income","Bottom 10%, share of labour and familiy benefits income"
109,0.3303700843803396,0.36911267787598073,0.33468096329647484,0.36115876477576647,4.75523029119757,6.755881952988288,4.789136978410215,6.575285268718608,0.19988881724473553,0.2158266440456141,0.20476052360011776,0.20852947244130587,0.044020118073928076,0.05292562340626803,0.03802816284750608,0.06093678198708596
Period,"Gini insee, all income","Gini insee, labour income","Gini insee, labour and pension income","Gini insee, labour and family benefits income","Decile ratio, all income","Decile ratio, labour income","Decile ratio, labour and pension income","Decile ratio, labour and familiy benefits income","Top 10%, share of all income","Top 10%, share of labour income","Top 10%, share of labour and pension income","Top 10%, share of labour and familiy benefits income","Bottom 10%, share of all income","Bottom 10%, share of labour income","Bottom 10%, share of labour and pension income","Bottom 10%, share of labour and familiy benefits income"
110,0.33968738516256775,0.37953435595370721,0.33970768045812122,0.37854457904229316,4.882285447318364,7.787094264412008,4.874051560546556,7.766379167970344,0.2080312312376777,0.22462227770175758,0.21210895190106802,0.21843101629385137,0.04259590692579775,0.04661612784666149,0.03366407298870373,0.05906209255110112
Period,"Gini insee, all income","Gini insee, labour income","Gini insee, labour and pension income","Gini insee, labour and family benefits income","Decile ratio, all income","Decile ratio, labour income","Decile ratio, labour and pension income","Decile ratio, labour and familiy benefits income","Top 10%, share of all income","Top 10%, share of labour income","Top 10%, share of labour and pension income","Top 10%, share of labour and familiy benefits income","Bottom 10%, share of all income","Bottom 10%, share of labour income","Bottom 10%, share of labour and pension income","Bottom 10%, share of labour and familiy benefits income"
111,0.337462376350874,0.37122913579911782,0.33699453875111429,0.37228463985128513,4.955708846343703,7.3184262382220195,4.94237018983797,6.875953371302975,0.2128450093216051,0.23466196701179315,0.216342188299025,0.22914666334656192,0.04562707103229374,0.054226002201660316,0.03901297710147247,0.06348643083934911
Period,"Gini insee, all income","Gini insee, labour income","Gini insee, labour and pension income","Gini insee, labour and family benefits income","Decile ratio, all income","Decile ratio, labour income","Decile ratio, labour and pension income","Decile ratio, labour and familiy benefits income","Top 10%, share of all income","Top 10%, share of labour income","Top 10%, share of labour and pension income","Top 10%, share of labour and familiy benefits income","Bottom 10%, share of all income","Bottom 10%, share of labour income","Bottom 10%, share of labour and pension income","Bottom 10%, share of labour and familiy benefits income"
112,0.33585404707538824,0.36800722217638293,0.33653988458119571,0.36816852697852537,4.7776306641016255,6.86216681727755,4.7899945851099535,6.757757962275824,0.20972054070157,0.22516957541984237,0.21299872221690141,0.22013239775052101,0.04601932337153301,0.05539265819061169,0.039740366668059066,0.06416453697188082
Period,"Gini insee, all income","Gini insee, labour income","Gini insee, labour and pension income","Gini insee, labour and family benefits income","Decile ratio, all income","Decile ratio, labour income","Decile ratio, labour and pension income","Decile ratio, labour and familiy benefits income","Top 10%, share of all income","Top 10%, share of labour income","Top 10%, share of labour and pension income","Top 10%, share of labour and familiy benefits income","Bottom 10%, share of all income","Bottom 10%, share of labour income","Bottom 10%, share of labour and pension income","Bottom 10%, share of labour and familiy benefits income"
113,0.33402552108335454,0.37091261964125999,0.33900787415377742,0.36546611399956563,4.821682820434313,7.310786316706755,4.858292311836481,6.9632684121001045,0.21348436380365068,0.23603738641825397,0.2183141158927243,0.22843613961595474,0.04419616508908511,0.05002174191865918,0.036689942684888247,0.06052325551180894
Period,"Gini insee, all income","Gini insee, labour income","Gini insee, labour and pension income","Gini insee, labour and family benefits income","Decile ratio, all income","Decile ratio, labour income","Decile ratio, labour and pension income","Decile ratio, labour and familiy benefits income","Top 10%, share of all income","Top 10%, share of labour income","Top 10%, share of labour and pension income","Top 10%, share of labour and familiy benefits income","Bottom 10%, share of all income","Bottom 10%, share of labour income","Bottom 10%, share of labour and pension income","Bottom 10%, share of labour and familiy benefits income"
114,0.33209906881895035,0.3666966308374236,0.33182918825323088,0.36759571901509286,4.516464074762174,7.374400106906016,4.5575016910330355,7.18707934845148,0.21636626142702933,0.23494879007463798,0.21990268971653992,0.22939135158533355,0.04742495213600873,0.05744578054723222,0.040327287402347096,0.06748064220138317
Period,"Gini insee, all income","Gini insee, labour income","Gini insee, labour and pension income","Gini insee, labour and family benefits income","Decile ratio, all income","Decile ratio, labour income","Decile ratio, labour and pension income","Decile ratio, labour and familiy benefits income","Top 10%, share of all income","Top 10%, share of labour income","Top 10%, share of labour and pension income","Top 10%, share of labour and familiy benefits income","Bottom 10%, share of all income","Bottom 10%, share of labour income","Bottom 10%, share of labour and pension income","Bottom 10%, share of labour and familiy benefits income"
115,0.33848805736103349,0.37562360831861991,0.34081401219888491,0.37357688234476533,4.910947670272761,7.707784074506331,4.902862730542485,7.107832351515543,0.23252224293720766,0.26314959050991826,0.236658037990004,0.2563286635744166,0.04737141268247426,0.052940005945571474,0.04036978373151909,0.06300097390003985
Period,"Gini insee, all income","Gini insee, labour income","Gini insee, labour and pension income","Gini insee, labour and family benefits income","Decile ratio, all income","Decile ratio, labour income","Decile ratio, labour and pension income","Decile ratio, labour and familiy benefits income","Top 10%, share of all income","Top 10%, share of labour income","Top 10%, share of labour and pension income","Top 10%, share of labour and familiy benefits income","Bottom 10%, share of all income","Bottom 10%, share of labour income","Bottom 10%, share of labour and pension income","Bottom 10%, share of labour and familiy benefits income"
116,0.33167446879319412,0.37020578135246024,0.33336322731985168,0.3659276329103503,4.651436335059048,7.632067478795161,4.670609028891283,7.252684297010745,0.2237460763815784,0.25060849781456956,0.2275480240513147,0.2444041992322658,0.047751702408358784,0.05824818531052746,0.041818512823351875,0.06663297777862423
Period,"Gini insee, all income","Gini insee, labour income","Gini insee, labour and pension income","Gini insee, labour and family benefits income","Decile ratio, all income","Decile ratio, labour income","Decile ratio, labour and pension income","Decile ratio, labour and familiy benefits income","Top 10%, share of all income","Top 10%, share of labour income","Top 10%, share of labour and pension income","Top 10%, share of labour and familiy benefits income","Bottom 10%, share of all income","Bottom 10%, share of labour income","Bottom 10%, share of labour and pension income","Bottom 10%, share of labour and familiy benefits income"
117,0.3275455350469591,0.36199461313410292,0.32928729077682178,0.35727813569930261,4.463725005522851,6.202536649033615,4.517718440184539,5.7664893941250694,0.22084526193594398,0.24499359621117467,0.22466188814735366,0.23880840937202735,0.05338058737159797,0.06651660943902023,0.04703985012473767,0.07545312241934445
Period,"Gini insee, all income","Gini insee, labour income","Gini insee, labour and pension income","Gini insee, labour and family benefits income","Decile ratio, all income","Decile ratio, labour income","Decile ratio, labour and pension income","Decile ratio, labour and familiy benefits income","Top 10%, share of all income","Top 10%, share of labour income","Top 10%, share of labour and pension income","Top 10%, share of labour and familiy benefits income","Bottom 10%, share of all income","Bottom 10%, share of labour income","Bottom 10%, share of labour and pension income","Bottom 10%, share of labour and familiy benefits income"
118,0.32856630145175586,0.35893922169614667,0.32672416406784299,0.35921397927007226,4.454499634978511,6.157875460389937,4.3850222796672425,6.539850069453385,0.21919492076213692,0.23576151918876945,0.22176274575192054,0.23170773091420124,0.04507565398803251,0.05538211339618216,0.03945207324354068,0.06346610752355739
Period,"Gini insee, all income","Gini insee, labour income","Gini insee, labour and pension income","Gini insee, labour and family benefits income","Decile ratio, all income","Decile ratio, labour income","Decile ratio, labour and pension income","Decile ratio, labour and familiy benefits income","Top 10%, share of all income","Top 10%, share of labour income","Top 10%, share of labour and pension income","Top 10%, share of labour and familiy benefits income","Bottom 10%, share of all income","Bottom 10%, share of labour income","Bottom 10%, share of labour and pension income","Bottom 10%, share of labour and familiy benefits income"
119,0.3306091377725095,0.36124171479249528,0.33028786812952166,0.36169922803394061,4.497250837538728,6.2644634952075595,4.472069967325311,6.5055429225230705,0.21554916092210483,0.23527662688926237,0.21787998106418388,0.23152485089081015,0.044578641939496934,0.05379014152829233,0.04055582277167283,0.059583226590812936
Period,"Gini insee, all income","Gini insee, labour income","Gini insee, labour and pension income","Gini insee, labour and family benefits income","Decile ratio, all income","Decile ratio, labour income","Decile ratio, labour and pension income","Decile ratio, labour and familiy benefits income","Top 10%, share of all income","Top 10%, share of labour income","Top 10%, share of labour and pension income","Top 10%, share of labour and familiy benefits income","Bottom 10%, share of all income","Bottom 10%, share of labour income","Bottom 10%, share of labour and pension income","Bottom 10%, share of labour and familiy benefits income"
120,0.32131882833033631,0.34929050698216435,0.31992961185050006,0.34869036795767472,4.084961230479218,5.613616867951007,4.0366827986168765,5.7724629182843845,0.2154300620216833,0.2360243747288748,0.21825278035836096,0.2315035056306853,0.049581430133758486,0.06074559052740972,0.04372545089640553,0.06910119177436315
Period,"Gini insee, all income","Gini insee, labour income","Gini insee, labour and pension income","Gini insee, labour and family benefits income","Decile ratio, all income","Decile ratio, labour income","Decile ratio, labour and pension income","Decile ratio, labour and familiy benefits income","Top 10%, share of all income","Top 10%, share of labour income","Top 10%, share of labour and pension income","Top 10%, share of labour and familiy benefits income","Bottom 10%, share of all income","Bottom 10%, share of labour income","Bottom 10%, share of labour and pension income","Bottom 10%, share of labour and familiy benefits income"
121,0.3157313555825017,0.33958258397346264,0.3158325643988858,0.33676640908987776,3.917352955745877,5.315713154831953,3.92941026281575,5.308679525492837,0.20761586931615209,0.22915169069900698,0.21009820470667262,0.2251396207547714,0.05013127830745849,0.06545921153247446,0.04690258126269222,0.06992983917009186
Period,"Gini insee, all income","Gini insee, labour income","Gini insee, labour and pension income","Gini insee, labour and family benefits income","Decile ratio, all income","Decile ratio, labour income","Decile ratio, labour and pension income","Decile ratio, labour and familiy benefits income","Top 10%, share of all income","Top 10%, share of labour income","Top 10%, share of labour and pension income","Top 10%, share of labour and familiy benefits income","Bottom 10%, share of all income","Bottom 10%, share of labour income","Bottom 10%, share of labour and pension income","Bottom 10%, share of labour and familiy benefits income"
122,0.31624485814116632,0.34657039693672254,0.31487231156132151,0.34644921755967156,4.055957876474095,5.546422763182527,4.070236676587159,5.547596529098806,0.20386684952772927,0.21835468378718542,0.20547602011027724,0.2158116164274951,0.04681484025897708,0.06498038642895423,0.044252298167443235,0.06855852505952902
Period,"Gini insee, all income","Gini insee, labour income","Gini insee, labour and pension income","Gini insee, labour and family benefits income","Decile ratio, all income","Decile ratio, labour income","Decile ratio, labour and pension income","Decile ratio, labour and familiy benefits income","Top 10%, share of all income","Top 10%, share of labour income","Top 10%, share of labour and pension income","Top 10%, share of labour and familiy benefits income","Bottom 10%, share of all income","Bottom 10%, share of labour income","Bottom 10%, share of labour and pension income","Bottom 10%, share of labour and familiy benefits income"
123,0.32255407020052573,0.34163847705124833,0.32267424318463162,0.34196812310620039,4.038579766239929,5.3558049774751595,4.089333024402887,6.011251813100888,0.20438934962671554,0.2254945899055245,0.20629904881185102,0.22236689269280305,0.04480973353632334,0.0570040566248111,0.04162765076873318,0.06156767741923145
Period,"Gini insee, all income","Gini insee, labour income","Gini insee, labour and pension income","Gini insee, labour and family benefits income","Decile ratio, all income","Decile ratio, labour income","Decile ratio, labour and pension income","Decile ratio, labour and familiy benefits income","Top 10%, share of all income","Top 10%, share of labour income","Top 10%, share of labour and pension income","Top 10%, share of labour and familiy benefits income","Bottom 10%, share of all income","Bottom 10%, share of labour income","Bottom 10%, share of labour and pension income","Bottom 10%, share of labour and familiy benefits income"
124,0.31777348676714245,0.3417888119168927,0.31879775399226834,0.34067449174365572,3.8871534916587094,5.833012537507879,3.9316079580305603,6.042331357053829,0.1990045774843912,0.21342103846545205,0.20078721128533092,0.21055819572665604,0.04757468210074363,0.060741937666306006,0.04282468547379541,0.06768802558769127
Period,"Gini insee, all income","Gini insee, labour income","Gini insee, labour and pension income","Gini insee, labour and family benefits income","Decile ratio, all income","Decile ratio, labour income","Decile ratio, labour and pension income","Decile ratio, labour and familiy benefits income","Top 10%, share of all income","Top 10%, share of labour income","Top 10%, share of labour and pension income","Top 10%, share of labour and familiy benefits income","Bottom 10%, share of all income","Bottom 10%, share of labour income","Bottom 10%, share of labour and pension income","Bottom 10%, share of labour and familiy benefits income"
125,0.3076218214073197,0.32857032720857871,0.3109600471844397,0.32623091271179333,3.8019293298704686,4.884161339831296,3.8246258912038185,4.904234423502141,0.19727625775677776,0.20550215653290282,0.19973576030319812,0.20163562951180497,0.051586406827666624,0.06825212244107501,0.048402716969049756,0.07275284533630234
Period,"Gini insee, all income","Gini insee, labour income","Gini insee, labour and pension income","Gini insee, labour and family benefits income","Decile ratio, all income","Decile ratio, labour income","Decile ratio, labour and pension income","Decile ratio, labour and familiy benefits income","Top 10%, share of all income","Top 10%, share of labour income","Top 10%, share of labour and pension income","Top 10%, share of labour and familiy benefits income","Bottom 10%, share of all income","Bottom 10%, share of labour income","Bottom 10%, share of labour and pension income","Bottom 10%, share of labour and familiy benefits income"
126,0.30879199523225903,0.32278195489598277,0.30875833764066296,0.3234661573862545,3.785128342186814,4.756637445979263,3.793932926226599,4.859427960889175,0.20078656599021014,0.2020287489701721,0.2025816161910325,0.19927786126459485,0.04993656918933827,0.06668673744462611,0.04633113637411121,0.07195290148402732
Period,"Gini insee, all income","Gini insee, labour income","Gini insee, labour and pension income","Gini insee, labour and family benefits income","Decile ratio, all income","Decile ratio, labour income","Decile ratio, labour and pension income","Decile ratio, labour and familiy benefits income","Top 10%, share of all income","Top 10%, share of labour income","Top 10%, share of labour and pension income","Top 10%, share of labour and familiy benefits income","Bottom 10%, share of all income","Bottom 10%, share of labour income","Bottom 10%, share of labour and pension income","Bottom 10%, share of labour and familiy benefits income"
127,0.30577106876046045,0.32380168009341198,0.30804261778791592,0.32116855036298303,3.808225208241153,4.828714153037781,3.8259767074545667,4.828714153037781,0.2002438593932492,0.21046796820807773,0.2017173111327734,0.2081176842845566,0.04947990985932228,0.06580037070247723,0.046534765339910564,0.07008244016657596
Period,"Gini insee, all income","Gini insee, labour income","Gini insee, labour and pension income","Gini insee, labour and family benefits income","Decile ratio, all income","Decile ratio, labour income","Decile ratio, labour and pension income","Decile ratio, labour and familiy benefits income","Top 10%, share of all income","Top 10%, share of labour income","Top 10%, share of labour and pension income","Top 10%, share of labour and familiy benefits income","Bottom 10%, share of all income","Bottom 10%, share of labour income","Bottom 10%, share of labour and pension income","Bottom 10%, share of labour and familiy benefits income"
128,0.29773586403314273,0.31901240514781182,0.29936170589664601,0.31707284696278881,3.8246258912038185,4.8589359256644284,3.8246258912038185,5.182111552051773,0.185796922621172,0.19520735745518095,0.1872764988651246,0.19288328331411606,0.049922169177397446,0.06279891730993858,0.04634932534586446,0.06799427653585086
Period,"Gini insee, all income","Gini insee, labour income","Gini insee, labour and pension income","Gini insee, labour and family benefits income","Decile ratio, all income","Decile ratio, labour income","Decile ratio, labour and pension income","Decile ratio, labour and familiy benefits income","Top 10%, share of all income","Top 10%, share of labour income","Top 10%, share of labour and pension income","Top 10%, share of labour and familiy benefits income","Bottom 10%, share of all income","Bottom 10%, share of labour income","Bottom 10%, share of labour and pension income","Bottom 10%, share of labour and familiy benefits income"
129,0.30293598928073184,0.31344460971545635,0.30453649558693391,0.31370653785426872,3.7988296994082593,4.689368741405633,3.8090265804501637,4.693498730075976,0.1958539912728141,0.2151750521749325,0.1977700784373548,0.21200146535099212,0.048179253341047154,0.06192820041298535,0.04472794004637609,0.06694380804262433
Period,"Gini insee, all income","Gini insee, labour income","Gini insee, labour and pension income","Gini insee, labour and family benefits income","Decile ratio, all income","Decile ratio, labour income","Decile ratio, labour and pension income","Decile ratio, labour and familiy benefits income","Top 10%, share of all income","Top 10%, share of labour income","Top 10%, share of labour and pension income","Top 10%, share of labour and familiy benefits income","Bottom 10%, share of all income","Bottom 10%, share of labour income","Bottom 10%, share of labour and pension income","Bottom 10%, share of labour and familiy benefits income"
130,0.29923928127500204,0.31655958255331801,0.30128006846229488,0.31424924696374096,3.633583870772188,4.760964440239135,3.6624271469061513,4.833764631383245,0.19816231076376545,0.21495161563777157,0.1995106798550792,0.21272331171667405,0.05200984918629831,0.06931477357059417,0.05047528038334426,0.07148216706435506
Period,"Gini insee, all income","Gini insee, labour income","Gini insee, labour and pension income","Gini insee, labour and family benefits income","Decile ratio, all income","Decile ratio, labour income","Decile ratio, labour and pension income","Decile ratio, labour and familiy benefits income","Top 10%, share of all income","Top 10%, share of labour income","Top 10%, share of labour and pension income","Top 10%, share of labour and familiy benefits income","Bottom 10%, share of all income","Bottom 10%, share of labour income","Bottom 10%, share of labour and pension income","Bottom 10%, share of labour and familiy benefits income"
131,0.29444704767068491,0.31192122691034607,0.29534833195113114,0.30799674814665801,3.526053902195996,4.626811842693466,3.5455400282061706,4.592675448858477,0.20221419791175127,0.2163824869919588,0.2038445961447293,0.21375970020527135,0.059722969904396295,0.07913514079635985,0.055541482024925155,0.08520226345449051
Period,"Gini insee, all income","Gini insee, labour income","Gini insee, labour and pension income","Gini insee, labour and family benefits income","Decile ratio, all income","Decile ratio, labour income","Decile ratio, labour and pension income","Decile ratio, labour and familiy benefits income","Top 10%, share of all income","Top 10%, share of labour income","Top 10%, share of labour and pension income","Top 10%, share of labour and familiy benefits income","Bottom 10%, share of all income","Bottom 10%, share of labour income","Bottom 10%, share of labour and pension income","Bottom 10%, share of labour and familiy benefits income"
132,0.29390037872639996,0.30924389055198837,0.29590487151825207,0.30334936799606516,3.4108039498434084,4.694177174192878,3.5463163786439114,4.499623849053825,0.2071077849352296,0.22342104018357856,0.20869584462461693,0.22081832019716277,0.05673654624742744,0.07486517711079566,0.052812542974275276,0.08063032780610885
Period,"Gini insee, all income","Gini insee, labour income","Gini insee, labour and pension income","Gini insee, labour and family benefits income","Decile ratio, all income","Decile ratio, labour income","Decile ratio, labour and pension income","Decile ratio, labour and familiy benefits income","Top 10%, share of all income","Top 10%, share of labour income","Top 10%, share of labour and pension income","Top 10%, share of labour and familiy benefits income","Bottom 10%, share of all income","Bottom 10%, share of labour income","Bottom 10%, share of labour and pension income","Bottom 10%, share of labour and familiy benefits income"
133,0.29867591408279603,0.32094180128498906,0.3013798042920165,0.3135896112173221,3.579472461125026,5.131144686316509,3.612825461367081,5.003286189760877,0.21245687617418924,0.2354602468367564,0.2148464630700532,0.23137193822199814,0.052817570054120626,0.06801611625482765,0.04848241580738071,0.074464677183495
Period,"Gini insee, all income","Gini insee, labour income","Gini insee, labour and pension income","Gini insee, labour and family benefits income","Decile ratio, all income","Decile ratio, labour income","Decile ratio, labour and pension income","Decile ratio, labour and familiy benefits income","Top 10%, share of all income","Top 10%, share of labour income","Top 10%, share of labour and pension income","Top 10%, share of labour and familiy benefits income","Bottom 10%, share of all income","Bottom 10%, share of labour income","Bottom 10%, share of labour and pension income","Bottom 10%, share of labour and familiy benefits income"
134,0.30257406757793559,0.32320516424909906,0.30425828027176766,0.31778222558758773,3.621312702635252,4.734433893010514,3.6234345129522922,4.736550941922639,0.20490492681382658,0.2161237558837187,0.20651315938857204,0.21345565496548974,0.06215650546090648,0.08389186576134766,0.058221346287560566,0.08982742256850548
Period,"Gini insee, all income","Gini insee, labour income","Gini insee, labour and pension income","Gini insee, labour and family benefits income","Decile ratio, all income","Decile ratio, labour income","Decile ratio, labour and pension income","Decile ratio, labour and familiy benefits income","Top 10%, share of all income","Top 10%, share of labour income","Top 10%, share of labour and pension income","Top 10%, share of labour and familiy benefits income","Bottom 10%, share of all income","Bottom 10%, share of labour income","Bottom 10%, share of labour and pension income","Bottom 10%, share of labour and familiy benefits income"
135,0.30225414073904583,0.31837832625938023,0.30395115926293753,0.31572319870572541,3.612825461367081,4.749091541425046,3.612825461367081,4.887326589405679,0.2092593126502318,0.22833125910236268,0.21112813957690738,0.22508473995241568,0.050594344861420906,0.06349484605653266,0.04612637736782657,0.07044296502920923
Period,"Gini insee, all income","Gini insee, labour income","Gini insee, labour and pension income","Gini insee, labour and family benefits income","Decile ratio, all income","Decile ratio, labour income","Decile ratio, labour and pension income","Decile ratio, labour and familiy benefits income","Top 10%, share of all income","Top 10%, share of labour income","Top 10%, share of labour and pension income","Top 10%, share of labour and familiy benefits income","Bottom 10%, share of all income","Bottom 10%, share of labour income","Bottom 10%, share of labour and pension income","Bottom 10%, share of labour and familiy benefits income"
136,0.3075414932443547,0.31300727608616735,0.31003825327609286,0.30906332255112595,3.7051670495084257,4.708617522567405,3.720709552440973,4.7083617687824475,0.20800888186057886,0.22040643531479037,0.20958616742833674,0.21776713562173133,0.051040697250935546,0.06897815804475552,0.047745034233813356,0.07396669552650059
Period,"Gini insee, all income","Gini insee, labour income","Gini insee, labour and pension income","Gini insee, labour and family benefits income","Decile ratio, all income","Decile ratio, labour income","Decile ratio, labour and pension income","Decile ratio, labour and familiy benefits income","Top 10%, share of all income","Top 10%, share of labour income","Top 10%, share of labour and pension income","Top 10%, share of labour and familiy benefits income","Bottom 10%, share of all income","Bottom 10%, share of labour income","Bottom 10%, share of labour and pension income","Bottom 10%, share of labour and familiy benefits income"
137,0.2975272934287792,0.30407758436270232,0.29893064601051494,0.29856689481815407,3.5896047924829637,4.518994288896103,3.619964479990528,4.484814215441766,0.19153250377068812,0.18511734847817907,0.19258970552227328,0.1835024804542367,0.05293988015015434,0.07537598269213042,0.05066585020775436,0.07877901301191809
Period,"Gini insee, all income","Gini insee, labour income","Gini insee, labour and pension income","Gini insee, labour and family benefits income","Decile ratio, all income","Decile ratio, labour income","Decile ratio, labour and pension income","Decile ratio, labour and familiy benefits income","Top 10%, share of all income","Top 10%, share of labour income","Top 10%, share of labour and pension income","Top 10%, share of labour and familiy benefits income","Bottom 10%, share of all income","Bottom 10%, share of labour income","Bottom 10%, share of labour and pension income","Bottom 10%, share of labour and familiy benefits income"
138,0.29071928493513621,0.31240082823846455,0.29092850335700032,0.3115002267569304,3.649867990667684,4.7171534737230845,3.650523356138424,4.797477937249964,0.18926742497899532,0.1925423900280661,0.19033198337929072,0.19078652862132892,0.0636356276247236,0.09433175483203736,0.0607026991939473,0.09882338611701276
Period,"Gini insee, all income","Gini insee, labour income","Gini insee, labour and pension income","Gini insee, labour and family benefits income","Decile ratio, all income","Decile ratio, labour income","Decile ratio, labour and pension income","Decile ratio, labour and familiy benefits income","Top 10%, share of all income","Top 10%, share of labour income","Top 10%, share of labour and pension income","Top 10%, share of labour and familiy benefits income","Bottom 10%, share of all income","Bottom 10%, share of labour income","Bottom 10%, share of labour and pension income","Bottom 10%, share of labour and familiy benefits income"
139,0.29244533670177125,0.31658775590520821,0.29305937396855997,0.31158764788714705,3.4967688775717836,4.37648454923761,3.501416263547986,4.595838633898767,0.18346308503979283,0.1845199487234338,0.18421148488247022,0.18331448457811353,0.04998431759155326,0.0696304768973777,0.048458646896395736,0.07195549149972319
Period,"Gini insee, all income","Gini insee, labour income","Gini insee, labour and pension income","Gini insee, labour and family benefits income","Decile ratio, all income","Decile ratio, labour income","Decile ratio, labour and pension income","Decile ratio, labour and familiy benefits income","Top 10%, share of all income","Top 10%, share of labour income","Top 10%, share of labour and pension income","Top 10%, share of labour and familiy benefits income","Bottom 10%, share of all income","Bottom 10%, share of labour income","Bottom 10%, share of labour and pension income","Bottom 10%, share of labour and familiy benefits income"
140,0.29379532105556128,0.32095118519178506,0.29428157844688418,0.31485561871756323,3.6141004840642856,4.487216068376519,3.6774797881500687,4.528465730490245,0.2013910745490547,0.2212792901813352,0.20207573526784484,0.220060685057462,0.053422627975450776,0.08046161025228704,0.0519361411739691,0.08274565869871955
Period,"Gini insee, all income","Gini insee, labour income","Gini insee, labour and pension income","Gini insee, labour and family benefits income","Decile ratio, all income","Decile ratio, labour income","Decile ratio, labour and pension income","Decile ratio, labour and familiy benefits income","Top 10%, share of all income","Top 10%, share of labour income","Top 10%, share of labour and pension income","Top 10%, share of labour and familiy benefits income","Bottom 10%, share of all income","Bottom 10%, share of labour income","Bottom 10%, share of labour and pension income","Bottom 10%, share of labour and familiy benefits income"
141,0.29844080185583916,0.31799438115185924,0.29925520428647417,0.31097880743886647,3.436106180730572,4.530684657471163,3.6064908041490114,4.503120735245278,0.20240716383933252,0.22624252523917426,0.20342318505576812,0.22439023651868176,0.0536301189950608,0.07076282602165275,0.05113147390518778,0.07473215247128893
Period,"Gini insee, all income","Gini insee, labour income","Gini insee, labour and pension income","Gini insee, labour and family benefits income","Decile ratio, all income","Decile ratio, labour income","Decile ratio, labour and pension income","Decile ratio, labour and familiy benefits income","Top 10%, share of all income","Top 10%, share of labour income","Top 10%, share of labour and pension income","Top 10%, share of labour and familiy benefits income","Bottom 10%, share of all income","Bottom 10%, share of labour income","Bottom 10%, share of labour and pension income","Bottom 10%, share of labour and familiy benefits income"
142,0.29747908945412221,0.31035303430682837,0.297405116330691,0.30894583363901262,3.3643942578874046,4.426476519430132,3.3765512013377434,4.467560745182178,0.2056125720588467,0.22647472708493266,0.20601779953046517,0.2257547184068228,0.05673385385095788,0.07452791994044913,0.05494342125037866,0.07739178092951712
Period,"Gini insee, all income","Gini insee, labour income","Gini insee, labour and pension income","Gini insee, labour and family benefits income","Decile ratio, all income","Decile ratio, labour income","Decile ratio, labour and pension income","Decile ratio, labour and familiy benefits income","Top 10%, share of all income","Top 10%, share of labour income","Top 10%, share of labour and pension income","Top 10%, share of labour and familiy benefits income","Bottom 10%, share of all income","Bottom 10%, share of labour income","Bottom 10%, share of labour and pension income","Bottom 10%, share of labour and familiy benefits income"
143,0.28839553934074558,0.29588782978768835,0.28962564057168994,0.2931564694556108,3.2602908402333903,4.074059669863966,3.3884326038979142,4.2551329021972375,0.20885922330946718,0.22969183008591423,0.21023603748906167,0.22716257166311626,0.06507451576394209,0.08755309328363242,0.060410262177416095,0.09512296235590259
Period,"Gini insee, all income","Gini insee, labour income","Gini insee, labour and pension income","Gini insee, labour and family benefits income","Decile ratio, all income","Decile ratio, labour income","Decile ratio, labour and pension income","Decile ratio, labour and familiy benefits income","Top 10%, share of all income","Top 10%, share of labour income","Top 10%, share of labour and pension income","Top 10%, share of labour and familiy benefits income","Bottom 10%, share of all income","Bottom 10%, share of labour income","Bottom 10%, share of labour and pension income","Bottom 10%, share of labour and familiy benefits income"
144,0.27760528873300339,0.27659097855159431,0.27806312586571724,0.26905102131735692,3.1381679648525873,3.65824245035596,3.079769144364538,3.6650283942551596,0.192852471776455,0.2002861237928905,0.1935960901133827,0.1990141866822606,0.05908586250115406,0.07778371356041497,0.05554579808110668,0.08347095552849662
Period,"Gini insee, all income","Gini insee, labour income","Gini insee, labour and pension income","Gini insee, labour and family benefits income","Decile ratio, all income","Decile ratio, labour income","Decile ratio, labour and pension income","Decile ratio, labour and familiy benefits income","Top 10%, share of all income","Top 10%, share of labour income","Top 10%, share of labour and pension income","Top 10%, share of labour and familiy benefits income","Bottom 10%, share of all income","Bottom 10%, share of labour income","Bottom 10%, share of labour and pension income","Bottom 10%, share of labour and familiy benefits income"
145,0.28398467198007299,0.29809818514715236,0.28511806350534574,0.2926298562110079,3.2249354908308243,4.633341644844485,3.298956744362385,4.79147518395518,0.18750105364822378,0.17772808599696424,0.1886814025182993,0.1758665616917122,0.06990669600804465,0.09921823705674593,0.06620864314715406,0.10506333723269548
Period,"Gini insee, all income","Gini insee, labour income","Gini insee, labour and pension income","Gini insee, labour and family benefits income","Decile ratio, all income","Decile ratio, labour income","Decile ratio, labour and pension income","Decile ratio, labour and familiy benefits income","Top 10%, share of all income","Top 10%, share of labour income","Top 10%, share of labour and pension income","Top 10%, share of labour and familiy benefits income","Bottom 10%, share of all income","Bottom 10%, share of labour income","Bottom 10%, share of labour and pension income","Bottom 10%, share of labour and familiy benefits income"
146,0.27921122595436942,0.2809578422409143,0.28094394141078749,0.27090359182604073,3.099979977809447,3.8335208010114408,3.2054546606110907,3.8149973130301316,0.1909447477715439,0.20055927960478348,0.1921824232340171,0.1984302992476078,0.059909146331254014,0.0731793586164913,0.05490387584604669,0.08125485474322294
Period,"Gini insee, all income","Gini insee, labour income","Gini insee, labour and pension income","Gini insee, labour and family benefits income","Decile ratio, all income","Decile ratio, labour income","Decile ratio, labour and pension income","Decile ratio, labour and familiy benefits income","Top 10%, share of all income","Top 10%, share of labour income","Top 10%, share of labour and pension income","Top 10%, share of labour and familiy benefits income","Bottom 10%, share of all income","Bottom 10%, share of labour income","Bottom 10%, share of labour and pension income","Bottom 10%, share of labour and familiy benefits income"
147,0.28046053871409382,0.29224965696193722,0.28194578203007048,0.28398097275247752,2.985158964901626,4.355949125734497,3.081723705570292,4.355949125734497,0.1948572198709168,0.20571609036669333,0.19598065816291663,0.20375709284792426,0.07158567546760052,0.09698841994455765,0.06702773600470557,0.10430235681679344
Period,"Gini insee, all income","Gini insee, labour income","Gini insee, labour and pension income","Gini insee, labour and family benefits income","Decile ratio, all income","Decile ratio, labour income","Decile ratio, labour and pension income","Decile ratio, labour and familiy benefits income","Top 10%, share of all income","Top 10%, share of labour income","Top 10%, share of labour and pension income","Top 10%, share of labour and familiy benefits income","Bottom 10%, share of all income","Bottom 10%, share of labour income","Bottom 10%, share of labour and pension income","Bottom 10%, share of labour and familiy benefits income"
148,0.28521434524276601,0.29208066650212455,0.28562499590999652,0.28480559810502815,3.116431024908895,4.796155335330116,3.1560156255481218,4.796155335330116,0.20354664841564138,0.2229015787755997,0.20418326165436945,0.22177207672503907,0.06907723947962727,0.09567557523657304,0.06713255604445037,0.09872381462874195
Period,"Gini insee, all income","Gini insee, labour income","Gini insee, labour and pension income","Gini insee, labour and family benefits income","Decile ratio, all income","Decile ratio, labour income","Decile ratio, labour and pension income","Decile ratio, labour and familiy benefits income","Top 10%, share of all income","Top 10%, share of labour income","Top 10%, share of labour and pension income","Top 10%, share of labour and familiy benefits income","Bottom 10%, share of all income","Bottom 10%, share of labour income","Bottom 10%, share of labour and pension income","Bottom 10%, share of labour and familiy benefits income"
149,0.28706988505476705,0.27861498987511446,0.2854708952650189,0.27522661789847713,3.0072002187201856,4.267372700802393,3.0090575292777246,4.506653255277076,0.19710716986424953,0.20083417589042948,0.19776024147214494,0.19973976627989737,0.04883190985723622,0.056624473715969965,0.046727873086501705,0.060051623152237645
Period,"Gini insee, all income","Gini insee, labour income","Gini insee, labour and pension income","Gini insee, labour and family benefits income","Decile ratio, all income","Decile ratio, labour income","Decile ratio, labour and pension income","Decile ratio, labour and familiy benefits income","Top 10%, share of all income","Top 10%, share of labour income","Top 10%, share of labour and pension income","Top 10%, share of labour and familiy benefits income","Bottom 10%, share of all income","Bottom 10%, share of labour income","Bottom 10%, share of labour and pension income","Bottom 10%, share of labour and familiy benefits income"
150,0.28386764356611832,0.28397738825259994,0.28457964049300699,0.27474380747327742,2.9295365658844994,4.655468032522205,3.0444186858031332,4.655468032522205,0.18093715266600455,0.16737794024391378,0.18142056886074823,0.16663274115161525,0.05855172256783015,0.07003852370561077,0.05711645047496697,0.07236045219550823
Period,"Gini insee, all income","Gini insee, labour income","Gini insee, labour and pension income","Gini insee, labour and family benefits income","Decile ratio, all income","Decile ratio, labour income","Decile ratio, labour and pension income","Decile ratio, labour and familiy benefits income","Top 10%, share of all income","Top 10%, share of labour income","Top 10%, share of labour and pension income","Top 10%, share of labour and familiy benefits income","Bottom 10%, share of all income","Bottom 10%, share of labour income","Bottom 10%, share of labour and pension income","Bottom 10%, share of labour and familiy benefits income"
151,0.28966607333363403,0.29382644706396749,0.29025483198821861,0.28614765382878748,3.2378790098172043,4.44573907005174,3.242271782414,4.453699999723387,0.18525593219434164,0.17897189642659944,0.18567116458884578,0.17830146641223735,0.05388784066028022,0.07137516533105152,0.05192944404519069,0.07457573014323395
Period,"Gini insee, all income","Gini insee, labour income","Gini insee, labour and pension income","Gini insee, labour and family benefits income","Decile ratio, all income","Decile ratio, labour income","Decile ratio, labour and pension income","Decile ratio, labour and familiy benefits income","Top 10%, share of all income","Top 10%, share of labour income","Top 10%, share of labour and pension income","Top 10%, share of labour and familiy benefits income","Bottom 10%, share of all income","Bottom 10%, share of labour income","Bottom 10%, share of labour and pension income","Bottom 10%, share of labour and familiy benefits income"
152,0.29400320420173459,0.28765587240952406,0.29293038169402785,0.28878764728602369,3.3724663973142333,4.894307182632695,3.3088874001183535,5.066977986924689,0.19333022315118245,0.20379319563347742,0.19423629959664196,0.20218764828311137,0.052417748548885874,0.06118169404187924,0.04784035333263862,0.0688395426185605
